

> nigel-financial-literacy-frontend@1.0.0 lint
> eslint .

[1G[0K(node:55400) ESLintIgnoreWarning: The ".eslintignore" file is no longer supported. Switch to using the "ignores" property in "eslint.config.js": https://eslint.org/docs/latest/use/configure/migration-guide#ignoring-files
(Use `node --trace-warnings ...` to show where the warning was created)
[0m[0m
[0m[4m/Users/6adeyd77/Nigel-Frontend/mobile/app/(auth)/_layout.tsx[24m[0m
[0m  [2m2:1[22m  [33mwarning[39m  `expo-router` import should occur before import of `react`  [2mimport/order[22m[0m
[0m[0m
[0m[4m/Users/6adeyd77/Nigel-Frontend/mobile/app/(auth)/index.tsx[24m[0m
[0m  [2m1:1[22m  [33mwarning[39m  There should be at least one empty line between import groups  [2mimport/order[22m[0m
[0m[0m
[0m[4m/Users/6adeyd77/Nigel-Frontend/mobile/app/(auth)/personalization.tsx[24m[0m
[0m  [2m1:1[22m  [33mwarning[39m  There should be at least one empty line between import groups  [2mimport/order[22m[0m
[0m[0m
[0m[4m/Users/6adeyd77/Nigel-Frontend/mobile/app/(auth)/role-select.tsx[24m[0m
[0m   [2m4:10[22m  [33mwarning[39m  'ScrollView' is defined but never used    [2m@typescript-eslint/no-unused-vars[22m[0m
[0m  [2m36:48[22m  [33mwarning[39m  Unexpected any. Specify a different type  [2m@typescript-eslint/no-explicit-any[22m[0m
[0m  [2m38:46[22m  [33mwarning[39m  Unexpected any. Specify a different type  [2m@typescript-eslint/no-explicit-any[22m[0m
[0m[0m
[0m[4m/Users/6adeyd77/Nigel-Frontend/mobile/app/(auth)/student-setup.tsx[24m[0m
[0m  [2m1:1[22m  [33mwarning[39m  There should be at least one empty line between import groups  [2mimport/order[22m[0m
[0m[0m
[0m[4m/Users/6adeyd77/Nigel-Frontend/mobile/app/(auth)/teacher-login.tsx[24m[0m
[0m  [2m1:1[22m  [33mwarning[39m  There should be at least one empty line between import groups  [2mimport/order[22m[0m
[0m[0m
[0m[4m/Users/6adeyd77/Nigel-Frontend/mobile/app/(auth)/teacher-register.tsx[24m[0m
[0m  [2m1:10[22m  [33mwarning[39m  'View' is defined but never used                               [2m@typescript-eslint/no-unused-vars[22m[0m
[0m  [2m1:16[22m  [33mwarning[39m  'Text' is defined but never used                               [2m@typescript-eslint/no-unused-vars[22m[0m
[0m  [2m2:1[22m   [33mwarning[39m  There should be at least one empty line between import groups  [2mimport/order[22m[0m
[0m  [2m2:1[22m   [33mwarning[39m  `react` import should occur before import of `react-native`    [2mimport/order[22m[0m
[0m[0m
[0m[4m/Users/6adeyd77/Nigel-Frontend/mobile/app/(auth)/welcome.tsx[24m[0m
[0m   [2m3:1[22m   [33mwarning[39m  `moti` import should occur before import of `react`                                               [2mimport/order[22m[0m
[0m   [2m4:1[22m   [33mwarning[39m  `expo-router` import should occur before import of `react`                                        [2mimport/order[22m[0m
[0m   [2m5:1[22m   [33mwarning[39m  There should be at least one empty line between import groups                                     [2mimport/order[22m[0m
[0m   [2m7:1[22m   [33mwarning[39m  `@/components/auth/welcome/WelcomeHeader` import should occur before import of `@/constants/app`  [2mimport/order[22m[0m
[0m   [2m8:1[22m   [33mwarning[39m  `@/components/auth/welcome/WelcomeSlide` import should occur before import of `@/constants/app`   [2mimport/order[22m[0m
[0m   [2m9:1[22m   [33mwarning[39m  `@/components/auth/welcome/WelcomeFooter` import should occur before import of `@/constants/app`  [2mimport/order[22m[0m
[0m  [2m29:45[22m  [33mwarning[39m  Unexpected any. Specify a different type                                                          [2m@typescript-eslint/no-explicit-any[22m[0m
[0m[0m
[0m[4m/Users/6adeyd77/Nigel-Frontend/mobile/app/(student)/(tabs)/_layout.tsx[24m[0m
[0m  [2m1:1[22m  [33mwarning[39m  `@/constants/colors` import should occur after import of `react-native`  [2mimport/order[22m[0m
[0m  [2m2:1[22m  [33mwarning[39m  There should be at least one empty line between import groups            [2mimport/order[22m[0m
[0m  [2m2:1[22m  [33mwarning[39m  `@/context` import should occur after import of `react-native`           [2mimport/order[22m[0m
[0m[0m
[0m[4m/Users/6adeyd77/Nigel-Frontend/mobile/app/(student)/(tabs)/budget.tsx[24m[0m
[0m  [2m1:1[22m  [33mwarning[39m  There should be at least one empty line between import groups  [2mimport/order[22m[0m
[0m[0m
[0m[4m/Users/6adeyd77/Nigel-Frontend/mobile/app/(student)/(tabs)/index.tsx[24m[0m
[0m  [2m1:1[22m  [33mwarning[39m  There should be at least one empty line between import groups  [2mimport/order[22m[0m
[0m[0m
[0m[4m/Users/6adeyd77/Nigel-Frontend/mobile/app/(student)/(tabs)/map.tsx[24m[0m
[0m  [2m1:1[22m  [33mwarning[39m  There should be at least one empty line between import groups  [2mimport/order[22m[0m
[0m[0m
[0m[4m/Users/6adeyd77/Nigel-Frontend/mobile/app/(student)/(tabs)/messages.tsx[24m[0m
[0m  [2m3:1[22m  [33mwarning[39m  There should be at least one empty line between import groups          [2mimport/order[22m[0m
[0m  [2m3:1[22m  [33mwarning[39m  `moti` import should occur before import of `react`                    [2mimport/order[22m[0m
[0m  [2m4:1[22m  [33mwarning[39m  There should be at least one empty line between import groups          [2mimport/order[22m[0m
[0m  [2m5:1[22m  [33mwarning[39m  There should be at least one empty line between import groups          [2mimport/order[22m[0m
[0m  [2m5:1[22m  [33mwarning[39m  `lucide-react-native` import should occur before import of `react`     [2mimport/order[22m[0m
[0m  [2m7:1[22m  [33mwarning[39m  `@/constants/colors` import should occur before import of `@/context`  [2mimport/order[22m[0m
[0m[0m
[0m[4m/Users/6adeyd77/Nigel-Frontend/mobile/app/(student)/(tabs)/settings.tsx[24m[0m
[0m  [2m1:1[22m  [33mwarning[39m  There should be at least one empty line between import groups  [2mimport/order[22m[0m
[0m[0m
[0m[4m/Users/6adeyd77/Nigel-Frontend/mobile/app/(student)/_layout.tsx[24m[0m
[0m  [2m2:1[22m  [33mwarning[39m  `expo-router` import should occur before import of `react`  [2mimport/order[22m[0m
[0m[0m
[0m[4m/Users/6adeyd77/Nigel-Frontend/mobile/app/(student)/budget-builder.tsx[24m[0m
[0m  [2m1:1[22m  [33mwarning[39m  There should be at least one empty line between import groups  [2mimport/order[22m[0m
[0m[0m
[0m[4m/Users/6adeyd77/Nigel-Frontend/mobile/app/(student)/daily-challenge.tsx[24m[0m
[0m  [2m1:1[22m  [33mwarning[39m  There should be at least one empty line between import groups  [2mimport/order[22m[0m
[0m[0m
[0m[4m/Users/6adeyd77/Nigel-Frontend/mobile/app/(student)/edit-profile.tsx[24m[0m
[0m  [2m1:1[22m  [33mwarning[39m  There should be at least one empty line between import groups  [2mimport/order[22m[0m
[0m[0m
[0m[4m/Users/6adeyd77/Nigel-Frontend/mobile/app/(student)/family-link.tsx[24m[0m
[0m  [2m1:1[22m  [33mwarning[39m  There should be at least one empty line between import groups  [2mimport/order[22m[0m
[0m[0m
[0m[4m/Users/6adeyd77/Nigel-Frontend/mobile/app/(student)/island-landing.tsx[24m[0m
[0m  [2m1:1[22m  [33mwarning[39m  There should be at least one empty line between import groups  [2mimport/order[22m[0m
[0m[0m
[0m[4m/Users/6adeyd77/Nigel-Frontend/mobile/app/(student)/lesson-passed.tsx[24m[0m
[0m  [2m1:1[22m  [33mwarning[39m  There should be at least one empty line between import groups  [2mimport/order[22m[0m
[0m[0m
[0m[4m/Users/6adeyd77/Nigel-Frontend/mobile/app/(student)/lesson.tsx[24m[0m
[0m  [2m1:1[22m  [33mwarning[39m  There should be at least one empty line between import groups  [2mimport/order[22m[0m
[0m[0m
[0m[4m/Users/6adeyd77/Nigel-Frontend/mobile/app/(student)/life-event.tsx[24m[0m
[0m  [2m1:1[22m  [33mwarning[39m  There should be at least one empty line between import groups  [2mimport/order[22m[0m
[0m[0m
[0m[4m/Users/6adeyd77/Nigel-Frontend/mobile/app/(student)/parent-summary.tsx[24m[0m
[0m  [2m1:1[22m  [33mwarning[39m  There should be at least one empty line between import groups  [2mimport/order[22m[0m
[0m[0m
[0m[4m/Users/6adeyd77/Nigel-Frontend/mobile/app/(student)/payslip.tsx[24m[0m
[0m  [2m1:1[22m  [33mwarning[39m  There should be at least one empty line between import groups  [2mimport/order[22m[0m
[0m[0m
[0m[4m/Users/6adeyd77/Nigel-Frontend/mobile/app/(student)/progress-stats.tsx[24m[0m
[0m  [2m1:1[22m  [33mwarning[39m  There should be at least one empty line between import groups  [2mimport/order[22m[0m
[0m[0m
[0m[4m/Users/6adeyd77/Nigel-Frontend/mobile/app/(student)/quiz.tsx[24m[0m
[0m  [2m1:1[22m  [33mwarning[39m  There should be at least one empty line between import groups  [2mimport/order[22m[0m
[0m[0m
[0m[4m/Users/6adeyd77/Nigel-Frontend/mobile/app/(student)/sim-results.tsx[24m[0m
[0m  [2m1:1[22m  [33mwarning[39m  There should be at least one empty line between import groups  [2mimport/order[22m[0m
[0m[0m
[0m[4m/Users/6adeyd77/Nigel-Frontend/mobile/app/(student)/simulator.tsx[24m[0m
[0m  [2m1:1[22m  [33mwarning[39m  There should be at least one empty line between import groups  [2mimport/order[22m[0m
[0m[0m
[0m[4m/Users/6adeyd77/Nigel-Frontend/mobile/app/(teacher)/(tabs)/_layout.tsx[24m[0m
[0m  [2m3:1[22m  [33mwarning[39m  `expo-router` import should occur before import of `react`             [2mimport/order[22m[0m
[0m  [2m4:1[22m  [33mwarning[39m  There should be at least one empty line between import groups          [2mimport/order[22m[0m
[0m  [2m4:1[22m  [33mwarning[39m  `lucide-react-native` import should occur before import of `react`     [2mimport/order[22m[0m
[0m  [2m6:1[22m  [33mwarning[39m  `@/constants/colors` import should occur before import of `@/context`  [2mimport/order[22m[0m
[0m[0m
[0m[4m/Users/6adeyd77/Nigel-Frontend/mobile/app/(teacher)/(tabs)/create.tsx[24m[0m
[0m  [2m1:1[22m  [33mwarning[39m  There should be at least one empty line between import groups  [2mimport/order[22m[0m
[0m[0m
[0m[4m/Users/6adeyd77/Nigel-Frontend/mobile/app/(teacher)/(tabs)/index.tsx[24m[0m
[0m  [2m1:1[22m  [33mwarning[39m  There should be at least one empty line between import groups  [2mimport/order[22m[0m
[0m[0m
[0m[4m/Users/6adeyd77/Nigel-Frontend/mobile/app/(teacher)/(tabs)/messages.tsx[24m[0m
[0m  [2m3:1[22m  [33mwarning[39m  There should be at least one empty line between import groups          [2mimport/order[22m[0m
[0m  [2m3:1[22m  [33mwarning[39m  `moti` import should occur before import of `react`                    [2mimport/order[22m[0m
[0m  [2m4:1[22m  [33mwarning[39m  There should be at least one empty line between import groups          [2mimport/order[22m[0m
[0m  [2m5:1[22m  [33mwarning[39m  There should be at least one empty line between import groups          [2mimport/order[22m[0m
[0m  [2m5:1[22m  [33mwarning[39m  `lucide-react-native` import should occur before import of `react`     [2mimport/order[22m[0m
[0m  [2m7:1[22m  [33mwarning[39m  `@/constants/colors` import should occur before import of `@/context`  [2mimport/order[22m[0m
[0m[0m
[0m[4m/Users/6adeyd77/Nigel-Frontend/mobile/app/(teacher)/(tabs)/settings.tsx[24m[0m
[0m  [2m1:1[22m  [33mwarning[39m  There should be at least one empty line between import groups  [2mimport/order[22m[0m
[0m[0m
[0m[4m/Users/6adeyd77/Nigel-Frontend/mobile/app/(teacher)/(tabs)/students.tsx[24m[0m
[0m  [2m1:1[22m  [33mwarning[39m  There should be at least one empty line between import groups  [2mimport/order[22m[0m
[0m[0m
[0m[4m/Users/6adeyd77/Nigel-Frontend/mobile/app/(teacher)/_layout.tsx[24m[0m
[0m  [2m2:1[22m  [33mwarning[39m  `expo-router` import should occur before import of `react`  [2mimport/order[22m[0m
[0m[0m
[0m[4m/Users/6adeyd77/Nigel-Frontend/mobile/app/_layout.tsx[24m[0m
[0m   [2m2:1[22m  [33mwarning[39m  `expo-router` import should occur before import of `react`                 [2mimport/order[22m[0m
[0m   [2m3:1[22m  [33mwarning[39m  `expo-status-bar` import should occur before import of `react`             [2mimport/order[22m[0m
[0m   [2m5:1[22m  [33mwarning[39m  `expo-splash-screen` import should occur before import of `react`          [2mimport/order[22m[0m
[0m   [2m6:1[22m  [33mwarning[39m  `@expo-google-fonts/poppins` import should occur before import of `react`  [2mimport/order[22m[0m
[0m  [2m13:1[22m  [33mwarning[39m  There should be at least one empty line between import groups              [2mimport/order[22m[0m
[0m  [2m13:1[22m  [33mwarning[39m  `@expo-google-fonts/fredoka` import should occur before import of `react`  [2mimport/order[22m[0m
[0m[0m
[0m[4m/Users/6adeyd77/Nigel-Frontend/mobile/src/components/auth/personalization/PersonalizationFooter.tsx[24m[0m
[0m  [2m2:10[22m  [33mwarning[39m  'View' is defined but never used                               [2m@typescript-eslint/no-unused-vars[22m[0m
[0m  [2m3:1[22m   [33mwarning[39m  There should be at least one empty line between import groups  [2mimport/order[22m[0m
[0m  [2m3:1[22m   [33mwarning[39m  `moti` import should occur before import of `react`            [2mimport/order[22m[0m
[0m[0m
[0m[4m/Users/6adeyd77/Nigel-Frontend/mobile/src/components/auth/personalization/PersonalizationHeader.tsx[24m[0m
[0m  [2m2:10[22m  [33mwarning[39m  'Text' is defined but never used                                             [2m@typescript-eslint/no-unused-vars[22m[0m
[0m  [2m3:1[22m   [33mwarning[39m  `moti` import should occur before import of `react`                          [2mimport/order[22m[0m
[0m  [2m4:1[22m   [33mwarning[39m  There should be at least one empty line between import groups                [2mimport/order[22m[0m
[0m  [2m4:1[22m   [33mwarning[39m  `lucide-react-native` import should occur before import of `react`           [2mimport/order[22m[0m
[0m  [2m7:1[22m   [33mwarning[39m  `@/components/ui` import should occur before import of `@/constants/colors`  [2mimport/order[22m[0m
[0m[0m
[0m[4m/Users/6adeyd77/Nigel-Frontend/mobile/src/components/auth/personalization/PersonalizationMascot.tsx[24m[0m
[0m  [2m3:1[22m  [33mwarning[39m  There should be at least one empty line between import groups                 [2mimport/order[22m[0m
[0m  [2m3:1[22m  [33mwarning[39m  `moti` import should occur before import of `react`                           [2mimport/order[22m[0m
[0m  [2m5:1[22m  [33mwarning[39m  `@/components/ui` import should occur before import of `@/svg/illustrations`  [2mimport/order[22m[0m
[0m[0m
[0m[4m/Users/6adeyd77/Nigel-Frontend/mobile/src/components/auth/personalization/PersonalizationQuestion.tsx[24m[0m
[0m  [2m3:1[22m  [33mwarning[39m  There should be at least one empty line between import groups                     [2mimport/order[22m[0m
[0m  [2m3:1[22m  [33mwarning[39m  `moti` import should occur before import of `react`                               [2mimport/order[22m[0m
[0m  [2m7:1[22m  [33mwarning[39m  There should be at least one empty line between import groups                     [2mimport/order[22m[0m
[0m  [2m7:1[22m  [33mwarning[39m  `@/constants/app` type import should occur before import of `@/constants/colors`  [2mimport/order[22m[0m
[0m  [2m8:1[22m  [33mwarning[39m  `lucide-react-native` import should occur before import of `react`                [2mimport/order[22m[0m
[0m[0m
[0m[4m/Users/6adeyd77/Nigel-Frontend/mobile/src/components/auth/personalization/PersonalizationScreen.tsx[24m[0m
[0m   [2m3:1[22m   [33mwarning[39m  There should be at least one empty line between import groups                             [2mimport/order[22m[0m
[0m   [2m3:1[22m   [33mwarning[39m  `expo-router` import should occur before import of `react`                                [2mimport/order[22m[0m
[0m   [2m6:1[22m   [33mwarning[39m  There should be at least one empty line between import groups                             [2mimport/order[22m[0m
[0m   [2m6:1[22m   [33mwarning[39m  `@/constants/app` import should occur before import of `@/context`                        [2mimport/order[22m[0m
[0m  [2m11:1[22m   [33mwarning[39m  `./PersonalizationFooter` import should occur before import of `./PersonalizationHeader`  [2mimport/order[22m[0m
[0m  [2m58:44[22m  [33mwarning[39m  Unexpected any. Specify a different type                                                  [2m@typescript-eslint/no-explicit-any[22m[0m
[0m[0m
[0m[4m/Users/6adeyd77/Nigel-Frontend/mobile/src/components/auth/personalization/PrivacyCheckbox.tsx[24m[0m
[0m  [2m3:1[22m  [33mwarning[39m  There should be at least one empty line between import groups  [2mimport/order[22m[0m
[0m  [2m3:1[22m  [33mwarning[39m  `moti` import should occur before import of `react`            [2mimport/order[22m[0m
[0m[0m
[0m[4m/Users/6adeyd77/Nigel-Frontend/mobile/src/components/auth/splash/SplashLoader.tsx[24m[0m
[0m  [2m3:1[22m  [33mwarning[39m  There should be at least one empty line between import groups  [2mimport/order[22m[0m
[0m  [2m3:1[22m  [33mwarning[39m  `moti` import should occur before import of `react`            [2mimport/order[22m[0m
[0m[0m
[0m[4m/Users/6adeyd77/Nigel-Frontend/mobile/src/components/auth/splash/SplashLogo.tsx[24m[0m
[0m  [2m2:1[22m  [33mwarning[39m  There should be at least one empty line between import groups  [2mimport/order[22m[0m
[0m  [2m2:1[22m  [33mwarning[39m  `moti` import should occur before import of `react`            [2mimport/order[22m[0m
[0m[0m
[0m[4m/Users/6adeyd77/Nigel-Frontend/mobile/src/components/auth/splash/SplashMascot.tsx[24m[0m
[0m  [2m3:1[22m  [33mwarning[39m  There should be at least one empty line between import groups                    [2mimport/order[22m[0m
[0m  [2m3:1[22m  [33mwarning[39m  `moti` import should occur before import of `react`                              [2mimport/order[22m[0m
[0m  [2m5:1[22m  [33mwarning[39m  `@/constants/colors` import should occur before import of `@/svg/illustrations`  [2mimport/order[22m[0m
[0m  [2m6:1[22m  [33mwarning[39m  `@/context` import should occur before import of `@/svg/illustrations`           [2mimport/order[22m[0m
[0m[0m
[0m[4m/Users/6adeyd77/Nigel-Frontend/mobile/src/components/auth/splash/SplashScreen.tsx[24m[0m
[0m   [2m3:1[22m   [33mwarning[39m  `moti` import should occur before import of `react`            [2mimport/order[22m[0m
[0m   [2m4:1[22m   [33mwarning[39m  `expo-router` import should occur before import of `react`     [2mimport/order[22m[0m
[0m   [2m5:1[22m   [33mwarning[39m  There should be at least one empty line between import groups  [2mimport/order[22m[0m
[0m  [2m11:16[22m  [33mwarning[39m  'SCREEN_W' is assigned a value but never used                  [2m@typescript-eslint/no-unused-vars[22m[0m
[0m  [2m11:34[22m  [33mwarning[39m  'SCREEN_H' is assigned a value but never used                  [2m@typescript-eslint/no-unused-vars[22m[0m
[0m[0m
[0m[4m/Users/6adeyd77/Nigel-Frontend/mobile/src/components/auth/splash/SplashTagline.tsx[24m[0m
[0m  [2m3:1[22m  [33mwarning[39m  There should be at least one empty line between import groups  [2mimport/order[22m[0m
[0m  [2m3:1[22m  [33mwarning[39m  `moti` import should occur before import of `react`            [2mimport/order[22m[0m
[0m[0m
[0m[4m/Users/6adeyd77/Nigel-Frontend/mobile/src/components/auth/student-setup/AgePicker.tsx[24m[0m
[0m  [2m3:1[22m  [33mwarning[39m  There should be at least one empty line between import groups  [2mimport/order[22m[0m
[0m  [2m3:1[22m  [33mwarning[39m  `moti` import should occur before import of `react`            [2mimport/order[22m[0m
[0m[0m
[0m[4m/Users/6adeyd77/Nigel-Frontend/mobile/src/components/auth/student-setup/StudentIdPreview.tsx[24m[0m
[0m  [2m3:1[22m  [33mwarning[39m  `moti` import should occur before import of `react`                 [2mimport/order[22m[0m
[0m  [2m4:1[22m  [33mwarning[39m  There should be at least one empty line between import groups       [2mimport/order[22m[0m
[0m  [2m4:1[22m  [33mwarning[39m  `lucide-react-native` import should occur before import of `react`  [2mimport/order[22m[0m
[0m[0m
[0m[4m/Users/6adeyd77/Nigel-Frontend/mobile/src/components/auth/student-setup/StudentSetupForm.tsx[24m[0m
[0m  [2m3:1[22m  [33mwarning[39m  `moti` import should occur before import of `react`                 [2mimport/order[22m[0m
[0m  [2m4:1[22m  [33mwarning[39m  There should be at least one empty line between import groups       [2mimport/order[22m[0m
[0m  [2m4:1[22m  [33mwarning[39m  `lucide-react-native` import should occur before import of `react`  [2mimport/order[22m[0m
[0m  [2m6:1[22m  [33mwarning[39m  There should be at least one empty line between import groups       [2mimport/order[22m[0m
[0m[0m
[0m[4m/Users/6adeyd77/Nigel-Frontend/mobile/src/components/auth/student-setup/StudentSetupHeader.tsx[24m[0m
[0m  [2m2:28[22m  [33mwarning[39m  'View' is defined but never used                                    [2m@typescript-eslint/no-unused-vars[22m[0m
[0m  [2m3:1[22m   [33mwarning[39m  `moti` import should occur before import of `react`                 [2mimport/order[22m[0m
[0m  [2m4:1[22m   [33mwarning[39m  There should be at least one empty line between import groups       [2mimport/order[22m[0m
[0m  [2m4:1[22m   [33mwarning[39m  `lucide-react-native` import should occur before import of `react`  [2mimport/order[22m[0m
[0m[0m
[0m[4m/Users/6adeyd77/Nigel-Frontend/mobile/src/components/auth/student-setup/StudentSetupMascot.tsx[24m[0m
[0m  [2m2:10[22m  [33mwarning[39m  'View' is defined but never used                               [2m@typescript-eslint/no-unused-vars[22m[0m
[0m  [2m3:1[22m   [33mwarning[39m  There should be at least one empty line between import groups  [2mimport/order[22m[0m
[0m  [2m3:1[22m   [33mwarning[39m  `moti` import should occur before import of `react`            [2mimport/order[22m[0m
[0m[0m
[0m[4m/Users/6adeyd77/Nigel-Frontend/mobile/src/components/auth/student-setup/StudentSetupScreen.tsx[24m[0m
[0m   [2m2:60[22m  [33mwarning[39m  'View' is defined but never used                                                  [2m@typescript-eslint/no-unused-vars[22m[0m
[0m   [2m3:1[22m   [33mwarning[39m  `moti` import should occur before import of `react`                               [2mimport/order[22m[0m
[0m   [2m4:1[22m   [33mwarning[39m  There should be at least one empty line between import groups                     [2mimport/order[22m[0m
[0m   [2m4:1[22m   [33mwarning[39m  `expo-router` import should occur before import of `react`                        [2mimport/order[22m[0m
[0m   [2m7:1[22m   [33mwarning[39m  There should be at least one empty line between import groups                     [2mimport/order[22m[0m
[0m   [2m7:1[22m   [33mwarning[39m  `@/constants/colors` import should occur before import of `@/context`             [2mimport/order[22m[0m
[0m  [2m10:1[22m   [33mwarning[39m  `./StudentSetupForm` import should occur before import of `./StudentSetupHeader`  [2mimport/order[22m[0m
[0m  [2m33:36[22m  [33mwarning[39m  Unexpected any. Specify a different type                                          [2m@typescript-eslint/no-explicit-any[22m[0m
[0m[0m
[0m[4m/Users/6adeyd77/Nigel-Frontend/mobile/src/components/auth/welcome/PaginationDots.tsx[24m[0m
[0m  [2m3:1[22m  [33mwarning[39m  There should be at least one empty line between import groups  [2mimport/order[22m[0m
[0m  [2m3:1[22m  [33mwarning[39m  `moti` import should occur before import of `react`            [2mimport/order[22m[0m
[0m[0m
[0m[4m/Users/6adeyd77/Nigel-Frontend/mobile/src/components/auth/welcome/WelcomeFooter.tsx[24m[0m
[0m  [2m3:1[22m  [33mwarning[39m  There should be at least one empty line between import groups  [2mimport/order[22m[0m
[0m  [2m3:1[22m  [33mwarning[39m  `moti` import should occur before import of `react`            [2mimport/order[22m[0m
[0m  [2m5:1[22m  [33mwarning[39m  There should be at least one empty line between import groups  [2mimport/order[22m[0m
[0m[0m
[0m[4m/Users/6adeyd77/Nigel-Frontend/mobile/src/components/auth/welcome/WelcomeHeader.tsx[24m[0m
[0m  [2m3:1[22m  [33mwarning[39m  There should be at least one empty line between import groups            [2mimport/order[22m[0m
[0m  [2m3:1[22m  [33mwarning[39m  `moti` import should occur before import of `react`                      [2mimport/order[22m[0m
[0m  [2m5:1[22m  [33mwarning[39m  `@/constants/colors` import should occur before import of `@/svg/brand`  [2mimport/order[22m[0m
[0m  [2m6:1[22m  [33mwarning[39m  `@/context` import should occur before import of `@/svg/brand`           [2mimport/order[22m[0m
[0m[0m
[0m[4m/Users/6adeyd77/Nigel-Frontend/mobile/src/components/auth/welcome/WelcomeSlide.tsx[24m[0m
[0m   [2m3:1[22m   [33mwarning[39m  There should be at least one empty line between import groups                    [2mimport/order[22m[0m
[0m   [2m3:1[22m   [33mwarning[39m  `moti` import should occur before import of `react`                              [2mimport/order[22m[0m
[0m   [2m5:1[22m   [33mwarning[39m  `@/constants/colors` import should occur before import of `@/svg/illustrations`  [2mimport/order[22m[0m
[0m   [2m6:1[22m   [33mwarning[39m  `@/context` import should occur before import of `@/svg/illustrations`           [2mimport/order[22m[0m
[0m  [2m30:68[22m  [33mwarning[39m  'isActive' is defined but never used. Allowed unused args must match /^_/u       [2m@typescript-eslint/no-unused-vars[22m[0m
[0m[0m
[0m[4m/Users/6adeyd77/Nigel-Frontend/mobile/src/components/student/budget-builder/BudgetBalanceCard.tsx[24m[0m
[0m  [2m3:1[22m  [33mwarning[39m  `moti` import should occur before import of `react`                 [2mimport/order[22m[0m
[0m  [2m5:1[22m  [33mwarning[39m  `lucide-react-native` import should occur before import of `react`  [2mimport/order[22m[0m
[0m[0m
[0m[4m/Users/6adeyd77/Nigel-Frontend/mobile/src/components/student/budget-builder/BudgetBreakdownBar.tsx[24m[0m
[0m   [2m3:1[22m   [33mwarning[39m  There should be at least one empty line between import groups  [2mimport/order[22m[0m
[0m   [2m3:1[22m   [33mwarning[39m  `moti` import should occur before import of `react`            [2mimport/order[22m[0m
[0m  [2m39:42[22m  [33mwarning[39m  Unexpected any. Specify a different type                       [2m@typescript-eslint/no-explicit-any[22m[0m
[0m  [2m40:70[22m  [33mwarning[39m  Unexpected any. Specify a different type                       [2m@typescript-eslint/no-explicit-any[22m[0m
[0m[0m
[0m[4m/Users/6adeyd77/Nigel-Frontend/mobile/src/components/student/budget-builder/BudgetBuilderHeader.tsx[24m[0m
[0m  [2m3:1[22m  [33mwarning[39m  `moti` import should occur before import of `react`                 [2mimport/order[22m[0m
[0m  [2m4:1[22m  [33mwarning[39m  `lucide-react-native` import should occur before import of `react`  [2mimport/order[22m[0m
[0m[0m
[0m[4m/Users/6adeyd77/Nigel-Frontend/mobile/src/components/student/budget-builder/BudgetBuilderScreen.tsx[24m[0m
[0m    [2m3:1[22m   [33mwarning[39m  `moti` import should occur before import of `react`                              [2mimport/order[22m[0m
[0m    [2m4:1[22m   [33mwarning[39m  There should be at least one empty line between import groups                    [2mimport/order[22m[0m
[0m    [2m4:1[22m   [33mwarning[39m  `expo-router` import should occur before import of `react`                       [2mimport/order[22m[0m
[0m    [2m6:1[22m   [33mwarning[39m  There should be at least one empty line between import groups                    [2mimport/order[22m[0m
[0m   [2m13:1[22m   [33mwarning[39m  There should be at least one empty line between import groups                    [2mimport/order[22m[0m
[0m   [2m13:1[22m   [33mwarning[39m  `lucide-react-native` import should occur before import of `react`               [2mimport/order[22m[0m
[0m   [2m14:1[22m   [33mwarning[39m  `@/constants/colors` import should occur before import of `@/svg/illustrations`  [2mimport/order[22m[0m
[0m   [2m15:1[22m   [33mwarning[39m  `@/context` import should occur before import of `@/svg/illustrations`           [2mimport/order[22m[0m
[0m  [2m132:37[22m  [33mwarning[39m  Unexpected any. Specify a different type                                         [2m@typescript-eslint/no-explicit-any[22m[0m
[0m  [2m370:58[22m  [33mwarning[39m  Unexpected any. Specify a different type                                         [2m@typescript-eslint/no-explicit-any[22m[0m
[0m  [2m475:62[22m  [33mwarning[39m  Unexpected any. Specify a different type                                         [2m@typescript-eslint/no-explicit-any[22m[0m
[0m  [2m566:65[22m  [33mwarning[39m  Unexpected any. Specify a different type                                         [2m@typescript-eslint/no-explicit-any[22m[0m
[0m[0m
[0m[4m/Users/6adeyd77/Nigel-Frontend/mobile/src/components/student/budget-builder/BudgetFeedback.tsx[24m[0m
[0m   [2m3:1[22m   [33mwarning[39m  `moti` import should occur before import of `react`                              [2mimport/order[22m[0m
[0m   [2m4:1[22m   [33mwarning[39m  `lucide-react-native` import should occur before import of `react`               [2mimport/order[22m[0m
[0m   [2m4:10[22m  [33mwarning[39m  'ShieldCheck' is defined but never used                                          [2m@typescript-eslint/no-unused-vars[22m[0m
[0m  [2m21:31[22m  [33mwarning[39m  Unexpected any. Specify a different type                                         [2m@typescript-eslint/no-explicit-any[22m[0m
[0m  [2m73:41[22m  [33mwarning[39m  'savingsAmount' is defined but never used. Allowed unused args must match /^_/u  [2m@typescript-eslint/no-unused-vars[22m[0m
[0m  [2m75:9[22m   [33mwarning[39m  'Icon' is assigned a value but never used                                        [2m@typescript-eslint/no-unused-vars[22m[0m
[0m[0m
[0m[4m/Users/6adeyd77/Nigel-Frontend/mobile/src/components/student/budget-builder/BudgetSlider.tsx[24m[0m
[0m   [2m1:17[22m  [33mwarning[39m  'useCallback' is defined but never used              [2m@typescript-eslint/no-unused-vars[22m[0m
[0m   [2m3:1[22m   [33mwarning[39m  `moti` import should occur before import of `react`  [2mimport/order[22m[0m
[0m  [2m65:32[22m  [33mwarning[39m  Unexpected any. Specify a different type             [2m@typescript-eslint/no-explicit-any[22m[0m
[0m[0m
[0m[4m/Users/6adeyd77/Nigel-Frontend/mobile/src/components/student/daily-challenge/DailyChallengeScreen.tsx[24m[0m
[0m    [2m1:41[22m  [33mwarning[39m  'useRef' is defined but never used                                                    [2m@typescript-eslint/no-unused-vars[22m[0m
[0m    [2m2:10[22m  [33mwarning[39m  'Platform' is defined but never used                                                  [2m@typescript-eslint/no-unused-vars[22m[0m
[0m    [2m3:1[22m   [33mwarning[39m  `moti` import should occur before import of `react`                                   [2mimport/order[22m[0m
[0m    [2m4:1[22m   [33mwarning[39m  There should be at least one empty line between import groups                         [2mimport/order[22m[0m
[0m    [2m4:1[22m   [33mwarning[39m  `expo-router` import should occur before import of `react`                            [2mimport/order[22m[0m
[0m    [2m6:1[22m   [33mwarning[39m  `@/components/student/shared` import should occur before import of `@/components/ui`  [2mimport/order[22m[0m
[0m    [2m7:1[22m   [33mwarning[39m  There should be at least one empty line between import groups                         [2mimport/order[22m[0m
[0m    [2m7:24[22m  [33mwarning[39m  'MascotThinking' is defined but never used                                            [2m@typescript-eslint/no-unused-vars[22m[0m
[0m    [2m8:1[22m   [33mwarning[39m  There should be at least one empty line between import groups                         [2mimport/order[22m[0m
[0m    [2m8:1[22m   [33mwarning[39m  `lucide-react-native` import should occur before import of `react`                    [2mimport/order[22m[0m
[0m    [2m8:57[22m  [33mwarning[39m  'Trophy' is defined but never used                                                    [2m@typescript-eslint/no-unused-vars[22m[0m
[0m    [2m9:1[22m   [33mwarning[39m  `@/context` import should occur before import of `@/svg/illustrations`                [2mimport/order[22m[0m
[0m   [2m10:1[22m   [33mwarning[39m  `@/constants/colors` import should occur before import of `@/svg/illustrations`       [2mimport/order[22m[0m
[0m  [2m198:66[22m  [33mwarning[39m  Unexpected any. Specify a different type                                              [2m@typescript-eslint/no-explicit-any[22m[0m
[0m[0m
[0m[4m/Users/6adeyd77/Nigel-Frontend/mobile/src/components/student/dashboard/DailyChallenge.tsx[24m[0m
[0m   [2m3:1[22m  [33mwarning[39m  There should be at least one empty line between import groups                    [2mimport/order[22m[0m
[0m   [2m3:1[22m  [33mwarning[39m  `moti` import should occur before import of `react`                              [2mimport/order[22m[0m
[0m   [2m4:1[22m  [33mwarning[39m  There should be at least one empty line between import groups                    [2mimport/order[22m[0m
[0m   [2m5:1[22m  [33mwarning[39m  There should be at least one empty line between import groups                    [2mimport/order[22m[0m
[0m   [2m5:1[22m  [33mwarning[39m  `lucide-react-native` import should occur before import of `react`               [2mimport/order[22m[0m
[0m   [2m6:1[22m  [33mwarning[39m  `@/constants/colors` import should occur before import of `@/svg/illustrations`  [2mimport/order[22m[0m
[0m   [2m7:1[22m  [33mwarning[39m  `@/context` import should occur before import of `@/svg/illustrations`           [2mimport/order[22m[0m
[0m  [2m15:9[22m  [33mwarning[39m  'c' is assigned a value but never used                                           [2m@typescript-eslint/no-unused-vars[22m[0m
[0m[0m
[0m[4m/Users/6adeyd77/Nigel-Frontend/mobile/src/components/student/dashboard/DashboardGreeting.tsx[24m[0m
[0m   [2m3:1[22m  [33mwarning[39m  There should be at least one empty line between import groups                      [2mimport/order[22m[0m
[0m   [2m3:1[22m  [33mwarning[39m  `moti` import should occur before import of `react`                                [2mimport/order[22m[0m
[0m  [2m20:3[22m  [33mwarning[39m  'onNotifications' is defined but never used. Allowed unused args must match /^_/u  [2m@typescript-eslint/no-unused-vars[22m[0m
[0m  [2m21:3[22m  [33mwarning[39m  'onSettings' is defined but never used. Allowed unused args must match /^_/u       [2m@typescript-eslint/no-unused-vars[22m[0m
[0m[0m
[0m[4m/Users/6adeyd77/Nigel-Frontend/mobile/src/components/student/dashboard/DashboardScreen.tsx[24m[0m
[0m    [2m3:1[22m   [33mwarning[39m  `moti` import should occur before import of `react`                             [2mimport/order[22m[0m
[0m    [2m5:1[22m   [33mwarning[39m  There should be at least one empty line between import groups                   [2mimport/order[22m[0m
[0m    [2m5:1[22m   [33mwarning[39m  `expo-router` import should occur before import of `react`                      [2mimport/order[22m[0m
[0m    [2m7:1[22m   [33mwarning[39m  `@/constants/colors` import should occur before import of `@/context`           [2mimport/order[22m[0m
[0m    [2m9:1[22m   [33mwarning[39m  `@/components/ui/ThemeToggle` import should occur before import of `@/context`  [2mimport/order[22m[0m
[0m  [2m115:75[22m  [33mwarning[39m  Unexpected any. Specify a different type                                        [2m@typescript-eslint/no-explicit-any[22m[0m
[0m  [2m213:85[22m  [33mwarning[39m  Unexpected any. Specify a different type                                        [2m@typescript-eslint/no-explicit-any[22m[0m
[0m  [2m236:75[22m  [33mwarning[39m  Unexpected any. Specify a different type                                        [2m@typescript-eslint/no-explicit-any[22m[0m
[0m  [2m269:70[22m  [33mwarning[39m  Unexpected any. Specify a different type                                        [2m@typescript-eslint/no-explicit-any[22m[0m
[0m  [2m435:76[22m  [33mwarning[39m  Unexpected any. Specify a different type                                        [2m@typescript-eslint/no-explicit-any[22m[0m
[0m  [2m468:91[22m  [33mwarning[39m  Unexpected any. Specify a different type                                        [2m@typescript-eslint/no-explicit-any[22m[0m
[0m[0m
[0m[4m/Users/6adeyd77/Nigel-Frontend/mobile/src/components/student/dashboard/ProTipBanner.tsx[24m[0m
[0m  [2m3:1[22m  [33mwarning[39m  There should be at least one empty line between import groups                    [2mimport/order[22m[0m
[0m  [2m3:1[22m  [33mwarning[39m  `moti` import should occur before import of `react`                              [2mimport/order[22m[0m
[0m  [2m5:1[22m  [33mwarning[39m  `@/constants/colors` import should occur before import of `@/svg/illustrations`  [2mimport/order[22m[0m
[0m  [2m6:1[22m  [33mwarning[39m  `@/context` import should occur before import of `@/svg/illustrations`           [2mimport/order[22m[0m
[0m[0m
[0m[4m/Users/6adeyd77/Nigel-Frontend/mobile/src/components/student/dashboard/ProgressCard.tsx[24m[0m
[0m   [2m3:1[22m   [33mwarning[39m  `moti` import should occur before import of `react`                 [2mimport/order[22m[0m
[0m   [2m4:1[22m   [33mwarning[39m  There should be at least one empty line between import groups       [2mimport/order[22m[0m
[0m   [2m4:1[22m   [33mwarning[39m  `lucide-react-native` import should occur before import of `react`  [2mimport/order[22m[0m
[0m  [2m83:51[22m  [33mwarning[39m  Unexpected any. Specify a different type                            [2m@typescript-eslint/no-explicit-any[22m[0m
[0m[0m
[0m[4m/Users/6adeyd77/Nigel-Frontend/mobile/src/components/student/dashboard/QuickAccessCards.tsx[24m[0m
[0m  [2m3:1[22m   [33mwarning[39m  `moti` import should occur before import of `react`                 [2mimport/order[22m[0m
[0m  [2m4:1[22m   [33mwarning[39m  There should be at least one empty line between import groups       [2mimport/order[22m[0m
[0m  [2m4:1[22m   [33mwarning[39m  `lucide-react-native` import should occur before import of `react`  [2mimport/order[22m[0m
[0m  [2m4:10[22m  [33mwarning[39m  'Map' is defined but never used                                     [2m@typescript-eslint/no-unused-vars[22m[0m
[0m  [2m4:15[22m  [33mwarning[39m  'Wallet' is defined but never used                                  [2m@typescript-eslint/no-unused-vars[22m[0m
[0m[0m
[0m[4m/Users/6adeyd77/Nigel-Frontend/mobile/src/components/student/dashboard/QuickStats.tsx[24m[0m
[0m  [2m3:1[22m  [33mwarning[39m  There should be at least one empty line between import groups  [2mimport/order[22m[0m
[0m  [2m3:1[22m  [33mwarning[39m  `moti` import should occur before import of `react`            [2mimport/order[22m[0m
[0m[0m
[0m[4m/Users/6adeyd77/Nigel-Frontend/mobile/src/components/student/dashboard/RecentAchievements.tsx[24m[0m
[0m  [2m3:1[22m  [33mwarning[39m  There should be at least one empty line between import groups  [2mimport/order[22m[0m
[0m  [2m3:1[22m  [33mwarning[39m  `moti` import should occur before import of `react`            [2mimport/order[22m[0m
[0m[0m
[0m[4m/Users/6adeyd77/Nigel-Frontend/mobile/src/components/student/family-share/ConsentScreen.tsx[24m[0m
[0m   [2m3:1[22m   [33mwarning[39m  `moti` import should occur before import of `react`                              [2mimport/order[22m[0m
[0m   [2m4:1[22m   [33mwarning[39m  There should be at least one empty line between import groups                    [2mimport/order[22m[0m
[0m   [2m4:1[22m   [33mwarning[39m  `expo-router` import should occur before import of `react`                       [2mimport/order[22m[0m
[0m   [2m6:1[22m   [33mwarning[39m  There should be at least one empty line between import groups                    [2mimport/order[22m[0m
[0m   [2m7:1[22m   [33mwarning[39m  There should be at least one empty line between import groups                    [2mimport/order[22m[0m
[0m   [2m7:1[22m   [33mwarning[39m  `lucide-react-native` import should occur before import of `react`               [2mimport/order[22m[0m
[0m   [2m7:36[22m  [33mwarning[39m  'Shield' is defined but never used                                               [2m@typescript-eslint/no-unused-vars[22m[0m
[0m   [2m8:1[22m   [33mwarning[39m  `@/context` import should occur before import of `@/svg/illustrations`           [2mimport/order[22m[0m
[0m   [2m9:1[22m   [33mwarning[39m  `@/constants/colors` import should occur before import of `@/svg/illustrations`  [2mimport/order[22m[0m
[0m  [2m32:45[22m  [33mwarning[39m  Unexpected any. Specify a different type                                         [2m@typescript-eslint/no-explicit-any[22m[0m
[0m[0m
[0m[4m/Users/6adeyd77/Nigel-Frontend/mobile/src/components/student/family-share/LinkGeneratedScreen.tsx[24m[0m
[0m   [2m3:1[22m   [33mwarning[39m  `moti` import should occur before import of `react`                              [2mimport/order[22m[0m
[0m   [2m4:1[22m   [33mwarning[39m  There should be at least one empty line between import groups                    [2mimport/order[22m[0m
[0m   [2m4:1[22m   [33mwarning[39m  `expo-router` import should occur before import of `react`                       [2mimport/order[22m[0m
[0m   [2m5:41[22m  [33mwarning[39m  'TextButton' is defined but never used                                           [2m@typescript-eslint/no-unused-vars[22m[0m
[0m   [2m6:1[22m   [33mwarning[39m  There should be at least one empty line between import groups                    [2mimport/order[22m[0m
[0m   [2m7:1[22m   [33mwarning[39m  There should be at least one empty line between import groups                    [2mimport/order[22m[0m
[0m   [2m7:1[22m   [33mwarning[39m  `lucide-react-native` import should occur before import of `react`               [2mimport/order[22m[0m
[0m   [2m8:1[22m   [33mwarning[39m  `@/context` import should occur before import of `@/svg/illustrations`           [2mimport/order[22m[0m
[0m   [2m9:1[22m   [33mwarning[39m  `@/constants/colors` import should occur before import of `@/svg/illustrations`  [2mimport/order[22m[0m
[0m  [2m25:48[22m  [33mwarning[39m  Unexpected any. Specify a different type                                         [2m@typescript-eslint/no-explicit-any[22m[0m
[0m  [2m29:52[22m  [33mwarning[39m  Unexpected any. Specify a different type                                         [2m@typescript-eslint/no-explicit-any[22m[0m
[0m[0m
[0m[4m/Users/6adeyd77/Nigel-Frontend/mobile/src/components/student/family-share/ParentSummaryScreen.tsx[24m[0m
[0m   [2m3:1[22m  [33mwarning[39m  `moti` import should occur before import of `react`                        [2mimport/order[22m[0m
[0m   [2m4:1[22m  [33mwarning[39m  There should be at least one empty line between import groups              [2mimport/order[22m[0m
[0m   [2m4:1[22m  [33mwarning[39m  `expo-router` import should occur before import of `react`                 [2mimport/order[22m[0m
[0m   [2m5:1[22m  [33mwarning[39m  There should be at least one empty line between import groups              [2mimport/order[22m[0m
[0m   [2m6:1[22m  [33mwarning[39m  There should be at least one empty line between import groups              [2mimport/order[22m[0m
[0m   [2m6:1[22m  [33mwarning[39m  `lucide-react-native` import should occur before import of `react`         [2mimport/order[22m[0m
[0m  [2m15:3[22m  [33mwarning[39m  'ChevronRight' is defined but never used                                   [2m@typescript-eslint/no-unused-vars[22m[0m
[0m  [2m20:1[22m  [33mwarning[39m  There should be at least one empty line between import groups              [2mimport/order[22m[0m
[0m  [2m20:1[22m  [33mwarning[39m  `@/constants/colors` import should occur before import of `@/context`      [2mimport/order[22m[0m
[0m  [2m21:1[22m  [33mwarning[39m  `react-native-svg` import should occur before import of `@/components/ui`  [2mimport/order[22m[0m
[0m[0m
[0m[4m/Users/6adeyd77/Nigel-Frontend/mobile/src/components/student/islands-map/IslandCard.tsx[24m[0m
[0m  [2m3:1[22m  [33mwarning[39m  `moti` import should occur before import of `react`                 [2mimport/order[22m[0m
[0m  [2m4:1[22m  [33mwarning[39m  There should be at least one empty line between import groups       [2mimport/order[22m[0m
[0m  [2m4:1[22m  [33mwarning[39m  `lucide-react-native` import should occur before import of `react`  [2mimport/order[22m[0m
[0m[0m
[0m[4m/Users/6adeyd77/Nigel-Frontend/mobile/src/components/student/islands-map/IslandConnector.tsx[24m[0m
[0m   [2m3:1[22m  [33mwarning[39m  There should be at least one empty line between import groups  [2mimport/order[22m[0m
[0m   [2m3:1[22m  [33mwarning[39m  `moti` import should occur before import of `react`            [2mimport/order[22m[0m
[0m  [2m14:9[22m  [33mwarning[39m  'c' is assigned a value but never used                         [2m@typescript-eslint/no-unused-vars[22m[0m
[0m[0m
[0m[4m/Users/6adeyd77/Nigel-Frontend/mobile/src/components/student/islands-map/IslandMapHeader.tsx[24m[0m
[0m  [2m1:1[22m  [33mwarning[39m  `react` import should occur after import of `moti`                     [2mimport/order[22m[0m
[0m  [2m2:1[22m  [33mwarning[39m  `react-native` import should occur after import of `moti`              [2mimport/order[22m[0m
[0m  [2m3:1[22m  [33mwarning[39m  There should be at least one empty line between import groups          [2mimport/order[22m[0m
[0m  [2m4:1[22m  [33mwarning[39m  `@/svg/illustrations` import should occur after import of `@/context`  [2mimport/order[22m[0m
[0m[0m
[0m[4m/Users/6adeyd77/Nigel-Frontend/mobile/src/components/student/islands-map/IslandMapScreen.tsx[24m[0m
[0m    [2m1:1[22m   [33mwarning[39m  `react` import should occur after import of `lucide-react-native`             [2mimport/order[22m[0m
[0m    [2m2:1[22m   [33mwarning[39m  `react-native` import should occur after import of `lucide-react-native`      [2mimport/order[22m[0m
[0m    [2m3:1[22m   [33mwarning[39m  `moti` import should occur after import of `lucide-react-native`              [2mimport/order[22m[0m
[0m    [2m5:1[22m   [33mwarning[39m  There should be at least one empty line between import groups                 [2mimport/order[22m[0m
[0m    [2m8:1[22m   [33mwarning[39m  `@/context` import should occur after import of `@/constants/learning-paths`  [2mimport/order[22m[0m
[0m   [2m10:1[22m   [33mwarning[39m  There should be at least one empty line between import groups                 [2mimport/order[22m[0m
[0m   [2m11:1[22m   [33mwarning[39m  `./IslandMapHeader` import should occur after import of `./IslandConnector`   [2mimport/order[22m[0m
[0m  [2m106:26[22m  [33mwarning[39m  Unexpected any. Specify a different type                                      [2m@typescript-eslint/no-explicit-any[22m[0m
[0m[0m
[0m[4m/Users/6adeyd77/Nigel-Frontend/mobile/src/components/student/islands-map/MilestoneBanner.tsx[24m[0m
[0m  [2m3:1[22m  [33mwarning[39m  There should be at least one empty line between import groups  [2mimport/order[22m[0m
[0m  [2m3:1[22m  [33mwarning[39m  `moti` import should occur before import of `react`            [2mimport/order[22m[0m
[0m[0m
[0m[4m/Users/6adeyd77/Nigel-Frontend/mobile/src/components/student/lesson-passed/LessonPassedScreen.tsx[24m[0m
[0m   [2m3:1[22m   [33mwarning[39m  `moti` import should occur before import of `react`                                   [2mimport/order[22m[0m
[0m   [2m4:1[22m   [33mwarning[39m  There should be at least one empty line between import groups                         [2mimport/order[22m[0m
[0m   [2m4:1[22m   [33mwarning[39m  `expo-router` import should occur before import of `react`                            [2mimport/order[22m[0m
[0m   [2m6:1[22m   [33mwarning[39m  There should be at least one empty line between import groups                         [2mimport/order[22m[0m
[0m   [2m6:1[22m   [33mwarning[39m  `@/components/student/shared` import should occur before import of `@/components/ui`  [2mimport/order[22m[0m
[0m   [2m7:1[22m   [33mwarning[39m  There should be at least one empty line between import groups                         [2mimport/order[22m[0m
[0m   [2m7:1[22m   [33mwarning[39m  `lucide-react-native` import should occur before import of `react`                    [2mimport/order[22m[0m
[0m  [2m17:47[22m  [33mwarning[39m  Unexpected any. Specify a different type                                              [2m@typescript-eslint/no-explicit-any[22m[0m
[0m[0m
[0m[4m/Users/6adeyd77/Nigel-Frontend/mobile/src/components/student/lesson/IslandLandingScreen.tsx[24m[0m
[0m    [2m1:1[22m   [33mwarning[39m  `react` import should occur after import of `lucide-react-native`                       [2mimport/order[22m[0m
[0m    [2m2:1[22m   [33mwarning[39m  `react-native` import should occur after import of `lucide-react-native`                [2mimport/order[22m[0m
[0m    [2m3:1[22m   [33mwarning[39m  `moti` import should occur after import of `lucide-react-native`                        [2mimport/order[22m[0m
[0m    [2m5:1[22m   [33mwarning[39m  There should be at least one empty line between import groups                           [2mimport/order[22m[0m
[0m    [2m6:25[22m  [33mwarning[39m  'GradientButton' is defined but never used                                              [2m@typescript-eslint/no-unused-vars[22m[0m
[0m    [2m7:1[22m   [33mwarning[39m  `@/svg/illustrations` import should occur after import of `@/constants/learning-paths`  [2mimport/order[22m[0m
[0m    [2m9:1[22m   [33mwarning[39m  `@/context` import should occur after import of `@/constants/learning-paths`            [2mimport/order[22m[0m
[0m  [2m115:40[22m  [33mwarning[39m  Unexpected any. Specify a different type                                                [2m@typescript-eslint/no-explicit-any[22m[0m
[0m  [2m116:52[22m  [33mwarning[39m  Unexpected any. Specify a different type                                                [2m@typescript-eslint/no-explicit-any[22m[0m
[0m  [2m156:28[22m  [33mwarning[39m  Unexpected any. Specify a different type                                                [2m@typescript-eslint/no-explicit-any[22m[0m
[0m[0m
[0m[4m/Users/6adeyd77/Nigel-Frontend/mobile/src/components/student/lesson/LessonScreen.tsx[24m[0m
[0m    [2m3:1[22m   [33mwarning[39m  `moti` import should occur before import of `react`                                      [2mimport/order[22m[0m
[0m    [2m4:1[22m   [33mwarning[39m  There should be at least one empty line between import groups                            [2mimport/order[22m[0m
[0m    [2m4:1[22m   [33mwarning[39m  `expo-router` import should occur before import of `react`                               [2mimport/order[22m[0m
[0m    [2m7:1[22m   [33mwarning[39m  There should be at least one empty line between import groups                            [2mimport/order[22m[0m
[0m    [2m7:1[22m   [33mwarning[39m  `@/components/student/shared` import should occur before import of `@/components/ui`     [2mimport/order[22m[0m
[0m    [2m8:1[22m   [33mwarning[39m  There should be at least one empty line between import groups                            [2mimport/order[22m[0m
[0m    [2m8:1[22m   [33mwarning[39m  `lucide-react-native` import should occur before import of `react`                       [2mimport/order[22m[0m
[0m    [2m8:23[22m  [33mwarning[39m  'ChevronRight' is defined but never used                                                 [2m@typescript-eslint/no-unused-vars[22m[0m
[0m    [2m8:37[22m  [33mwarning[39m  'BookOpen' is defined but never used                                                     [2m@typescript-eslint/no-unused-vars[22m[0m
[0m    [2m9:1[22m   [33mwarning[39m  `@/constants/colors` import should occur before import of `@/svg/illustrations`          [2mimport/order[22m[0m
[0m   [2m10:1[22m   [33mwarning[39m  `@/context` import should occur before import of `@/svg/illustrations`                   [2mimport/order[22m[0m
[0m   [2m11:1[22m   [33mwarning[39m  `@/constants/learning-paths` import should occur before import of `@/svg/illustrations`  [2mimport/order[22m[0m
[0m  [2m119:61[22m  [33mwarning[39m  Unexpected any. Specify a different type                                                 [2m@typescript-eslint/no-explicit-any[22m[0m
[0m[0m
[0m[4m/Users/6adeyd77/Nigel-Frontend/mobile/src/components/student/life-event/LifeEventReveal.tsx[24m[0m
[0m  [2m3:1[22m  [33mwarning[39m  There should be at least one empty line between import groups  [2mimport/order[22m[0m
[0m  [2m3:1[22m  [33mwarning[39m  `moti` import should occur before import of `react`            [2mimport/order[22m[0m
[0m[0m
[0m[4m/Users/6adeyd77/Nigel-Frontend/mobile/src/components/student/life-event/LifeEventScreen.tsx[24m[0m
[0m   [2m3:1[22m   [33mwarning[39m  `moti` import should occur before import of `react`                 [2mimport/order[22m[0m
[0m   [2m4:1[22m   [33mwarning[39m  There should be at least one empty line between import groups       [2mimport/order[22m[0m
[0m   [2m4:1[22m   [33mwarning[39m  `expo-router` import should occur before import of `react`          [2mimport/order[22m[0m
[0m   [2m5:1[22m   [33mwarning[39m  There should be at least one empty line between import groups       [2mimport/order[22m[0m
[0m   [2m6:1[22m   [33mwarning[39m  There should be at least one empty line between import groups       [2mimport/order[22m[0m
[0m   [2m6:1[22m   [33mwarning[39m  `lucide-react-native` import should occur before import of `react`  [2mimport/order[22m[0m
[0m  [2m81:45[22m  [33mwarning[39m  Unexpected any. Specify a different type                            [2m@typescript-eslint/no-explicit-any[22m[0m
[0m[0m
[0m[4m/Users/6adeyd77/Nigel-Frontend/mobile/src/components/student/payslip/PayslipBreakdownChart.tsx[24m[0m
[0m  [2m3:1[22m  [33mwarning[39m  `moti` import should occur before import of `react`  [2mimport/order[22m[0m
[0m[0m
[0m[4m/Users/6adeyd77/Nigel-Frontend/mobile/src/components/student/payslip/PayslipHeader.tsx[24m[0m
[0m  [2m3:1[22m  [33mwarning[39m  `moti` import should occur before import of `react`                 [2mimport/order[22m[0m
[0m  [2m4:1[22m  [33mwarning[39m  `lucide-react-native` import should occur before import of `react`  [2mimport/order[22m[0m
[0m[0m
[0m[4m/Users/6adeyd77/Nigel-Frontend/mobile/src/components/student/payslip/PayslipScreen.tsx[24m[0m
[0m   [2m3:1[22m   [33mwarning[39m  `moti` import should occur before import of `react`                               [2mimport/order[22m[0m
[0m   [2m4:1[22m   [33mwarning[39m  There should be at least one empty line between import groups                     [2mimport/order[22m[0m
[0m   [2m4:1[22m   [33mwarning[39m  `expo-router` import should occur before import of `react`                        [2mimport/order[22m[0m
[0m   [2m5:1[22m   [33mwarning[39m  There should be at least one empty line between import groups                     [2mimport/order[22m[0m
[0m   [2m8:1[22m   [33mwarning[39m  `./PayslipBreakdownChart` import should occur before import of `./PayslipHeader`  [2mimport/order[22m[0m
[0m  [2m68:48[22m  [33mwarning[39m  Unexpected any. Specify a different type                                          [2m@typescript-eslint/no-explicit-any[22m[0m
[0m[0m
[0m[4m/Users/6adeyd77/Nigel-Frontend/mobile/src/components/student/payslip/PayslipSummaryCard.tsx[24m[0m
[0m  [2m3:1[22m  [33mwarning[39m  `moti` import should occur before import of `react`                 [2mimport/order[22m[0m
[0m  [2m4:1[22m  [33mwarning[39m  `lucide-react-native` import should occur before import of `react`  [2mimport/order[22m[0m
[0m[0m
[0m[4m/Users/6adeyd77/Nigel-Frontend/mobile/src/components/student/payslip/PayslipTip.tsx[24m[0m
[0m  [2m3:1[22m  [33mwarning[39m  There should be at least one empty line between import groups  [2mimport/order[22m[0m
[0m  [2m3:1[22m  [33mwarning[39m  `moti` import should occur before import of `react`            [2mimport/order[22m[0m
[0m[0m
[0m[4m/Users/6adeyd77/Nigel-Frontend/mobile/src/components/student/progress-stats/ProgressStatsScreen.tsx[24m[0m
[0m    [2m1:1[22m   [33mwarning[39m  `react` import should occur after import of `lucide-react-native`                       [2mimport/order[22m[0m
[0m    [2m2:1[22m   [33mwarning[39m  `react-native` import should occur after import of `lucide-react-native`                [2mimport/order[22m[0m
[0m    [2m3:1[22m   [33mwarning[39m  `moti` import should occur after import of `lucide-react-native`                        [2mimport/order[22m[0m
[0m    [2m5:1[22m   [33mwarning[39m  There should be at least one empty line between import groups                           [2mimport/order[22m[0m
[0m    [2m5:23[22m  [33mwarning[39m  'Flame' is defined but never used                                                       [2m@typescript-eslint/no-unused-vars[22m[0m
[0m    [2m5:30[22m  [33mwarning[39m  'Star' is defined but never used                                                        [2m@typescript-eslint/no-unused-vars[22m[0m
[0m    [2m5:36[22m  [33mwarning[39m  'Trophy' is defined but never used                                                      [2m@typescript-eslint/no-unused-vars[22m[0m
[0m    [2m5:44[22m  [33mwarning[39m  'Target' is defined but never used                                                      [2m@typescript-eslint/no-unused-vars[22m[0m
[0m    [2m7:1[22m   [33mwarning[39m  `@/svg/illustrations` import should occur after import of `@/constants/learning-paths`  [2mimport/order[22m[0m
[0m    [2m9:1[22m   [33mwarning[39m  `@/context` import should occur after import of `@/constants/learning-paths`            [2mimport/order[22m[0m
[0m  [2m168:40[22m  [33mwarning[39m  Unexpected any. Specify a different type                                                [2m@typescript-eslint/no-explicit-any[22m[0m
[0m  [2m169:59[22m  [33mwarning[39m  Unexpected any. Specify a different type                                                [2m@typescript-eslint/no-explicit-any[22m[0m
[0m  [2m301:52[22m  [33mwarning[39m  Unexpected any. Specify a different type                                                [2m@typescript-eslint/no-explicit-any[22m[0m
[0m[0m
[0m[4m/Users/6adeyd77/Nigel-Frontend/mobile/src/components/student/quiz/QuizScreen.tsx[24m[0m
[0m    [2m3:1[22m   [33mwarning[39m  `moti` import should occur before import of `react`                                   [2mimport/order[22m[0m
[0m    [2m4:1[22m   [33mwarning[39m  There should be at least one empty line between import groups                         [2mimport/order[22m[0m
[0m    [2m4:1[22m   [33mwarning[39m  `expo-router` import should occur before import of `react`                            [2mimport/order[22m[0m
[0m    [2m6:1[22m   [33mwarning[39m  `@/components/student/shared` import should occur before import of `@/components/ui`  [2mimport/order[22m[0m
[0m    [2m7:1[22m   [33mwarning[39m  There should be at least one empty line between import groups                         [2mimport/order[22m[0m
[0m    [2m8:1[22m   [33mwarning[39m  There should be at least one empty line between import groups                         [2mimport/order[22m[0m
[0m    [2m8:1[22m   [33mwarning[39m  `lucide-react-native` import should occur before import of `react`                    [2mimport/order[22m[0m
[0m    [2m9:1[22m   [33mwarning[39m  `@/context` import should occur before import of `@/svg/illustrations`                [2mimport/order[22m[0m
[0m   [2m10:1[22m   [33mwarning[39m  `@/constants/colors` import should occur before import of `@/svg/illustrations`       [2mimport/order[22m[0m
[0m  [2m109:49[22m  [33mwarning[39m  Unexpected any. Specify a different type                                              [2m@typescript-eslint/no-explicit-any[22m[0m
[0m[0m
[0m[4m/Users/6adeyd77/Nigel-Frontend/mobile/src/components/student/settings/EditProfileScreen.tsx[24m[0m
[0m  [2m1:1[22m  [33mwarning[39m  `react` import should occur after import of `lucide-react-native`         [2mimport/order[22m[0m
[0m  [2m2:1[22m  [33mwarning[39m  `react-native` import should occur after import of `lucide-react-native`  [2mimport/order[22m[0m
[0m  [2m3:1[22m  [33mwarning[39m  `moti` import should occur after import of `lucide-react-native`          [2mimport/order[22m[0m
[0m  [2m5:1[22m  [33mwarning[39m  There should be at least one empty line between import groups             [2mimport/order[22m[0m
[0m  [2m7:1[22m  [33mwarning[39m  `@/svg/illustrations` import should occur after import of `@/context`     [2mimport/order[22m[0m
[0m[0m
[0m[4m/Users/6adeyd77/Nigel-Frontend/mobile/src/components/student/settings/SettingRow.tsx[24m[0m
[0m  [2m3:1[22m  [33mwarning[39m  There should be at least one empty line between import groups       [2mimport/order[22m[0m
[0m  [2m3:1[22m  [33mwarning[39m  `lucide-react-native` import should occur before import of `react`  [2mimport/order[22m[0m
[0m[0m
[0m[4m/Users/6adeyd77/Nigel-Frontend/mobile/src/components/student/settings/SettingSection.tsx[24m[0m
[0m  [2m3:1[22m  [33mwarning[39m  There should be at least one empty line between import groups  [2mimport/order[22m[0m
[0m  [2m3:1[22m  [33mwarning[39m  `moti` import should occur before import of `react`            [2mimport/order[22m[0m
[0m[0m
[0m[4m/Users/6adeyd77/Nigel-Frontend/mobile/src/components/student/settings/SettingsScreen.tsx[24m[0m
[0m   [2m1:1[22m   [33mwarning[39m  `react` import should occur after import of `expo-router`                             [2mimport/order[22m[0m
[0m   [2m2:1[22m   [33mwarning[39m  `react-native` import should occur after import of `expo-router`                      [2mimport/order[22m[0m
[0m   [2m3:1[22m   [33mwarning[39m  `moti` import should occur after import of `expo-router`                              [2mimport/order[22m[0m
[0m   [2m4:1[22m   [33mwarning[39m  There should be at least one empty line between import groups                         [2mimport/order[22m[0m
[0m   [2m7:1[22m   [33mwarning[39m  `@/svg/illustrations` import should occur after import of `@/context`                 [2mimport/order[22m[0m
[0m   [2m9:26[22m  [33mwarning[39m  '/Users/6adeyd77/Nigel-Frontend/mobile/src/context/index.ts' imported multiple times  [2mimport/no-duplicates[22m[0m
[0m  [2m10:1[22m   [33mwarning[39m  There should be at least one empty line between import groups                         [2mimport/order[22m[0m
[0m  [2m10:25[22m  [33mwarning[39m  '/Users/6adeyd77/Nigel-Frontend/mobile/src/context/index.ts' imported multiple times  [2mimport/no-duplicates[22m[0m
[0m  [2m11:1[22m   [33mwarning[39m  `./SettingSection` import should occur after import of `./config/settings.config`     [2mimport/order[22m[0m
[0m  [2m12:1[22m   [33mwarning[39m  `./SettingRow` import should occur after import of `./config/settings.config`         [2mimport/order[22m[0m
[0m  [2m24:50[22m  [33mwarning[39m  Unexpected any. Specify a different type                                              [2m@typescript-eslint/no-explicit-any[22m[0m
[0m  [2m27:52[22m  [33mwarning[39m  Unexpected any. Specify a different type                                              [2m@typescript-eslint/no-explicit-any[22m[0m
[0m[0m
[0m[4m/Users/6adeyd77/Nigel-Frontend/mobile/src/components/student/shared/MascotCelebration.tsx[24m[0m
[0m  [2m3:1[22m  [33mwarning[39m  There should be at least one empty line between import groups  [2mimport/order[22m[0m
[0m  [2m3:1[22m  [33mwarning[39m  `moti` import should occur before import of `react`            [2mimport/order[22m[0m
[0m[0m
[0m[4m/Users/6adeyd77/Nigel-Frontend/mobile/src/components/student/sim-results/ResultsBreakdown.tsx[24m[0m
[0m  [2m3:1[22m  [33mwarning[39m  `moti` import should occur before import of `react`  [2mimport/order[22m[0m
[0m[0m
[0m[4m/Users/6adeyd77/Nigel-Frontend/mobile/src/components/student/sim-results/ResultsFeedbackList.tsx[24m[0m
[0m  [2m3:1[22m  [33mwarning[39m  `moti` import should occur before import of `react`  [2mimport/order[22m[0m
[0m[0m
[0m[4m/Users/6adeyd77/Nigel-Frontend/mobile/src/components/student/sim-results/ResultsScoreCard.tsx[24m[0m
[0m  [2m3:1[22m  [33mwarning[39m  `moti` import should occur before import of `react`  [2mimport/order[22m[0m
[0m[0m
[0m[4m/Users/6adeyd77/Nigel-Frontend/mobile/src/components/student/sim-results/SimResultsScreen.tsx[24m[0m
[0m   [2m3:1[22m   [33mwarning[39m  `moti` import should occur before import of `react`                                   [2mimport/order[22m[0m
[0m   [2m4:1[22m   [33mwarning[39m  There should be at least one empty line between import groups                         [2mimport/order[22m[0m
[0m   [2m4:1[22m   [33mwarning[39m  `expo-router` import should occur before import of `react`                            [2mimport/order[22m[0m
[0m   [2m6:1[22m   [33mwarning[39m  There should be at least one empty line between import groups                         [2mimport/order[22m[0m
[0m   [2m6:1[22m   [33mwarning[39m  `@/components/student/shared` import should occur before import of `@/components/ui`  [2mimport/order[22m[0m
[0m   [2m7:1[22m   [33mwarning[39m  There should be at least one empty line between import groups                         [2mimport/order[22m[0m
[0m   [2m7:1[22m   [33mwarning[39m  `lucide-react-native` import should occur before import of `react`                    [2mimport/order[22m[0m
[0m   [2m7:10[22m  [33mwarning[39m  'Award' is defined but never used                                                     [2m@typescript-eslint/no-unused-vars[22m[0m
[0m   [2m9:1[22m   [33mwarning[39m  `./ResultsBreakdown` import should occur before import of `./ResultsScoreCard`        [2mimport/order[22m[0m
[0m  [2m10:1[22m   [33mwarning[39m  `./ResultsFeedbackList` import should occur before import of `./ResultsScoreCard`     [2mimport/order[22m[0m
[0m  [2m55:43[22m  [33mwarning[39m  Unexpected any. Specify a different type                                              [2m@typescript-eslint/no-explicit-any[22m[0m
[0m  [2m59:50[22m  [33mwarning[39m  Unexpected any. Specify a different type                                              [2m@typescript-eslint/no-explicit-any[22m[0m
[0m[0m
[0m[4m/Users/6adeyd77/Nigel-Frontend/mobile/src/components/student/simulator/JobRoleCard.tsx[24m[0m
[0m  [2m3:1[22m  [33mwarning[39m  There should be at least one empty line between import groups  [2mimport/order[22m[0m
[0m  [2m3:1[22m  [33mwarning[39m  `moti` import should occur before import of `react`            [2mimport/order[22m[0m
[0m[0m
[0m[4m/Users/6adeyd77/Nigel-Frontend/mobile/src/components/student/simulator/SimProgressBar.tsx[24m[0m
[0m   [2m3:1[22m   [33mwarning[39m  `moti` import should occur before import of `react`  [2mimport/order[22m[0m
[0m  [2m26:36[22m  [33mwarning[39m  Unexpected any. Specify a different type             [2m@typescript-eslint/no-explicit-any[22m[0m
[0m  [2m27:49[22m  [33mwarning[39m  Unexpected any. Specify a different type             [2m@typescript-eslint/no-explicit-any[22m[0m
[0m[0m
[0m[4m/Users/6adeyd77/Nigel-Frontend/mobile/src/components/student/simulator/SimulatorHeader.tsx[24m[0m
[0m  [2m3:1[22m  [33mwarning[39m  `moti` import should occur before import of `react`                 [2mimport/order[22m[0m
[0m  [2m4:1[22m  [33mwarning[39m  There should be at least one empty line between import groups       [2mimport/order[22m[0m
[0m  [2m4:1[22m  [33mwarning[39m  `lucide-react-native` import should occur before import of `react`  [2mimport/order[22m[0m
[0m[0m
[0m[4m/Users/6adeyd77/Nigel-Frontend/mobile/src/components/student/simulator/SimulatorScreen.tsx[24m[0m
[0m   [2m2:28[22m  [33mwarning[39m  'View' is defined but never used                                                [2m@typescript-eslint/no-unused-vars[22m[0m
[0m   [2m2:34[22m  [33mwarning[39m  'Platform' is defined but never used                                            [2m@typescript-eslint/no-unused-vars[22m[0m
[0m   [2m3:1[22m   [33mwarning[39m  `moti` import should occur before import of `react`                             [2mimport/order[22m[0m
[0m   [2m4:1[22m   [33mwarning[39m  There should be at least one empty line between import groups                   [2mimport/order[22m[0m
[0m   [2m4:1[22m   [33mwarning[39m  `expo-router` import should occur before import of `react`                      [2mimport/order[22m[0m
[0m   [2m7:1[22m   [33mwarning[39m  There should be at least one empty line between import groups                   [2mimport/order[22m[0m
[0m   [2m8:1[22m   [33mwarning[39m  There should be at least one empty line between import groups                   [2mimport/order[22m[0m
[0m   [2m9:1[22m   [33mwarning[39m  There should be at least one empty line between import groups                   [2mimport/order[22m[0m
[0m   [2m9:1[22m   [33mwarning[39m  `@/svg/illustrations` import should occur before import of `./SimulatorHeader`  [2mimport/order[22m[0m
[0m   [2m9:10[22m  [33mwarning[39m  'MascotThinking' is defined but never used                                      [2m@typescript-eslint/no-unused-vars[22m[0m
[0m  [2m10:1[22m   [33mwarning[39m  `./JobRoleCard` import should occur before import of `./SimulatorHeader`        [2mimport/order[22m[0m
[0m  [2m64:41[22m  [33mwarning[39m  Unexpected any. Specify a different type                                        [2m@typescript-eslint/no-explicit-any[22m[0m
[0m[0m
[0m[4m/Users/6adeyd77/Nigel-Frontend/mobile/src/components/teacher/QuickTools.tsx[24m[0m
[0m  [2m3:1[22m  [33mwarning[39m  There should be at least one empty line between import groups          [2mimport/order[22m[0m
[0m  [2m3:1[22m  [33mwarning[39m  `lucide-react-native` import should occur before import of `react`     [2mimport/order[22m[0m
[0m  [2m5:1[22m  [33mwarning[39m  `@/constants/colors` import should occur before import of `@/context`  [2mimport/order[22m[0m
[0m[0m
[0m[4m/Users/6adeyd77/Nigel-Frontend/mobile/src/components/teacher/RecentActivity.tsx[24m[0m
[0m  [2m3:1[22m  [33mwarning[39m  `lucide-react-native` import should occur before import of `react`     [2mimport/order[22m[0m
[0m  [2m4:1[22m  [33mwarning[39m  There should be at least one empty line between import groups          [2mimport/order[22m[0m
[0m  [2m4:1[22m  [33mwarning[39m  `moti` import should occur before import of `react`                    [2mimport/order[22m[0m
[0m  [2m6:1[22m  [33mwarning[39m  There should be at least one empty line between import groups          [2mimport/order[22m[0m
[0m  [2m6:1[22m  [33mwarning[39m  `@/constants/colors` import should occur before import of `@/context`  [2mimport/order[22m[0m
[0m[0m
[0m[4m/Users/6adeyd77/Nigel-Frontend/mobile/src/components/teacher/StatCard.tsx[24m[0m
[0m  [2m3:1[22m  [33mwarning[39m  `expo-linear-gradient` import should occur before import of `react`    [2mimport/order[22m[0m
[0m  [2m4:1[22m  [33mwarning[39m  There should be at least one empty line between import groups          [2mimport/order[22m[0m
[0m  [2m4:1[22m  [33mwarning[39m  `lucide-react-native` import should occur before import of `react`     [2mimport/order[22m[0m
[0m  [2m6:1[22m  [33mwarning[39m  `@/constants/colors` import should occur before import of `@/context`  [2mimport/order[22m[0m
[0m[0m
[0m[4m/Users/6adeyd77/Nigel-Frontend/mobile/src/components/teacher/StudentCard.tsx[24m[0m
[0m  [2m3:1[22m  [33mwarning[39m  There should be at least one empty line between import groups                      [2mimport/order[22m[0m
[0m  [2m3:1[22m  [33mwarning[39m  `lucide-react-native` import should occur before import of `react`                 [2mimport/order[22m[0m
[0m  [2m5:1[22m  [33mwarning[39m  There should be at least one empty line between import groups                      [2mimport/order[22m[0m
[0m  [2m5:1[22m  [33mwarning[39m  `@/constants/colors` import should occur before import of `@/context`              [2mimport/order[22m[0m
[0m  [2m7:1[22m  [33mwarning[39m  `./data/students` type import should occur before import of `./utils/getInitials`  [2mimport/order[22m[0m
[0m[0m
[0m[4m/Users/6adeyd77/Nigel-Frontend/mobile/src/components/teacher/StudentDirectory.tsx[24m[0m
[0m  [2m3:1[22m  [33mwarning[39m  There should be at least one empty line between import groups           [2mimport/order[22m[0m
[0m  [2m3:1[22m  [33mwarning[39m  `moti` import should occur before import of `react`                     [2mimport/order[22m[0m
[0m  [2m5:1[22m  [33mwarning[39m  `./data/students` import should occur before import of `./StudentCard`  [2mimport/order[22m[0m
[0m[0m
[0m[4m/Users/6adeyd77/Nigel-Frontend/mobile/src/components/teacher/TeacherDashboardScreen.tsx[24m[0m
[0m   [2m4:1[22m  [33mwarning[39m  There should be at least one empty line between import groups                [2mimport/order[22m[0m
[0m   [2m4:1[22m  [33mwarning[39m  `moti` import should occur before import of `react`                          [2mimport/order[22m[0m
[0m   [2m6:1[22m  [33mwarning[39m  There should be at least one empty line between import groups                [2mimport/order[22m[0m
[0m   [2m6:1[22m  [33mwarning[39m  `@/constants/colors` import should occur before import of `@/context`        [2mimport/order[22m[0m
[0m   [2m7:1[22m  [33mwarning[39m  There should be at least one empty line between import groups                [2mimport/order[22m[0m
[0m   [2m7:1[22m  [33mwarning[39m  `lucide-react-native` import should occur before import of `react`           [2mimport/order[22m[0m
[0m   [2m9:1[22m  [33mwarning[39m  `./StatCard` import should occur before import of `./TeacherHeader`          [2mimport/order[22m[0m
[0m  [2m10:1[22m  [33mwarning[39m  `./QuickTools` import should occur before import of `./TeacherHeader`        [2mimport/order[22m[0m
[0m  [2m11:1[22m  [33mwarning[39m  `./RecentActivity` import should occur before import of `./TeacherHeader`    [2mimport/order[22m[0m
[0m  [2m12:1[22m  [33mwarning[39m  `./StudentDirectory` import should occur before import of `./TeacherHeader`  [2mimport/order[22m[0m
[0m[0m
[0m[4m/Users/6adeyd77/Nigel-Frontend/mobile/src/components/teacher/TeacherHeader.tsx[24m[0m
[0m  [2m2:1[22m  [33mwarning[39m  There should be at least one empty line between import groups              [2mimport/order[22m[0m
[0m  [2m2:1[22m  [33mwarning[39m  `lucide-react-native` import should occur before import of `react-native`  [2mimport/order[22m[0m
[0m  [2m4:1[22m  [33mwarning[39m  `@/constants/colors` import should occur before import of `@/context`      [2mimport/order[22m[0m
[0m[0m
[0m[4m/Users/6adeyd77/Nigel-Frontend/mobile/src/components/teacher/TeacherLoginScreen.tsx[24m[0m
[0m    [2m2:10[22m  [33mwarning[39m  'Platform' is defined but never used                                   [2m@typescript-eslint/no-unused-vars[22m[0m
[0m    [2m3:1[22m   [33mwarning[39m  `moti` import should occur before import of `react`                    [2mimport/order[22m[0m
[0m    [2m4:1[22m   [33mwarning[39m  There should be at least one empty line between import groups          [2mimport/order[22m[0m
[0m    [2m4:1[22m   [33mwarning[39m  `expo-router` import should occur before import of `react`             [2mimport/order[22m[0m
[0m    [2m5:1[22m   [33mwarning[39m  There should be at least one empty line between import groups          [2mimport/order[22m[0m
[0m    [2m6:1[22m   [33mwarning[39m  There should be at least one empty line between import groups          [2mimport/order[22m[0m
[0m    [2m6:1[22m   [33mwarning[39m  `lucide-react-native` import should occur before import of `react`     [2mimport/order[22m[0m
[0m    [2m6:55[22m  [33mwarning[39m  'ArrowRight' is defined but never used                                 [2m@typescript-eslint/no-unused-vars[22m[0m
[0m    [2m8:1[22m   [33mwarning[39m  `@/constants/colors` import should occur before import of `@/context`  [2mimport/order[22m[0m
[0m   [2m25:45[22m  [33mwarning[39m  Unexpected any. Specify a different type                               [2m@typescript-eslint/no-explicit-any[22m[0m
[0m  [2m173:72[22m  [33mwarning[39m  Unexpected any. Specify a different type                               [2m@typescript-eslint/no-explicit-any[22m[0m
[0m[0m
[0m[4m/Users/6adeyd77/Nigel-Frontend/mobile/src/components/teacher/TeacherRegisterScreen.tsx[24m[0m
[0m   [2m3:1[22m   [33mwarning[39m  `moti` import should occur before import of `react`                    [2mimport/order[22m[0m
[0m   [2m4:1[22m   [33mwarning[39m  There should be at least one empty line between import groups          [2mimport/order[22m[0m
[0m   [2m4:1[22m   [33mwarning[39m  `expo-router` import should occur before import of `react`             [2mimport/order[22m[0m
[0m   [2m5:1[22m   [33mwarning[39m  There should be at least one empty line between import groups          [2mimport/order[22m[0m
[0m   [2m6:1[22m   [33mwarning[39m  There should be at least one empty line between import groups          [2mimport/order[22m[0m
[0m   [2m6:1[22m   [33mwarning[39m  `lucide-react-native` import should occur before import of `react`     [2mimport/order[22m[0m
[0m   [2m8:1[22m   [33mwarning[39m  `@/constants/colors` import should occur before import of `@/context`  [2mimport/order[22m[0m
[0m  [2m32:45[22m  [33mwarning[39m  Unexpected any. Specify a different type                               [2m@typescript-eslint/no-explicit-any[22m[0m
[0m[0m
[0m[4m/Users/6adeyd77/Nigel-Frontend/mobile/src/components/teacher/create-quiz/AddQuestionButton.tsx[24m[0m
[0m  [2m3:1[22m  [33mwarning[39m  There should be at least one empty line between import groups          [2mimport/order[22m[0m
[0m  [2m3:1[22m  [33mwarning[39m  `lucide-react-native` import should occur before import of `react`     [2mimport/order[22m[0m
[0m  [2m5:1[22m  [33mwarning[39m  `@/constants/colors` import should occur before import of `@/context`  [2mimport/order[22m[0m
[0m[0m
[0m[4m/Users/6adeyd77/Nigel-Frontend/mobile/src/components/teacher/create-quiz/CreateQuizScreen.tsx[24m[0m
[0m   [2m3:1[22m  [33mwarning[39m  `moti` import should occur before import of `react`                           [2mimport/order[22m[0m
[0m   [2m4:1[22m  [33mwarning[39m  There should be at least one empty line between import groups                 [2mimport/order[22m[0m
[0m   [2m6:1[22m  [33mwarning[39m  There should be at least one empty line between import groups                 [2mimport/order[22m[0m
[0m   [2m6:1[22m  [33mwarning[39m  `@/constants/colors` import should occur before import of `@/context`         [2mimport/order[22m[0m
[0m   [2m7:1[22m  [33mwarning[39m  There should be at least one empty line between import groups                 [2mimport/order[22m[0m
[0m   [2m7:1[22m  [33mwarning[39m  `lucide-react-native` import should occur before import of `react`            [2mimport/order[22m[0m
[0m  [2m10:1[22m  [33mwarning[39m  `./QuizDescriptionInput` import should occur before import of `./QuizHeader`  [2mimport/order[22m[0m
[0m  [2m11:1[22m  [33mwarning[39m  `./QuizQuestionCard` import should occur before import of `./QuizTitleInput`  [2mimport/order[22m[0m
[0m  [2m12:1[22m  [33mwarning[39m  `./AddQuestionButton` import should occur before import of `./QuizHeader`     [2mimport/order[22m[0m
[0m  [2m13:1[22m  [33mwarning[39m  `./hooks/useCreateQuiz` import should occur before import of `./QuizHeader`   [2mimport/order[22m[0m
[0m[0m
[0m[4m/Users/6adeyd77/Nigel-Frontend/mobile/src/components/teacher/create-quiz/QuizAnswerOption.tsx[24m[0m
[0m  [2m3:1[22m  [33mwarning[39m  There should be at least one empty line between import groups          [2mimport/order[22m[0m
[0m  [2m3:1[22m  [33mwarning[39m  `lucide-react-native` import should occur before import of `react`     [2mimport/order[22m[0m
[0m  [2m5:1[22m  [33mwarning[39m  There should be at least one empty line between import groups          [2mimport/order[22m[0m
[0m  [2m5:1[22m  [33mwarning[39m  `@/constants/colors` import should occur before import of `@/context`  [2mimport/order[22m[0m
[0m[0m
[0m[4m/Users/6adeyd77/Nigel-Frontend/mobile/src/components/teacher/create-quiz/QuizDescriptionInput.tsx[24m[0m
[0m  [2m2:1[22m  [33mwarning[39m  There should be at least one empty line between import groups          [2mimport/order[22m[0m
[0m  [2m4:1[22m  [33mwarning[39m  `@/constants/colors` import should occur before import of `@/context`  [2mimport/order[22m[0m
[0m[0m
[0m[4m/Users/6adeyd77/Nigel-Frontend/mobile/src/components/teacher/create-quiz/QuizHeader.tsx[24m[0m
[0m  [2m3:1[22m  [33mwarning[39m  `moti` import should occur before import of `react`                    [2mimport/order[22m[0m
[0m  [2m4:1[22m  [33mwarning[39m  There should be at least one empty line between import groups          [2mimport/order[22m[0m
[0m  [2m4:1[22m  [33mwarning[39m  `lucide-react-native` import should occur before import of `react`     [2mimport/order[22m[0m
[0m  [2m6:1[22m  [33mwarning[39m  `@/constants/colors` import should occur before import of `@/context`  [2mimport/order[22m[0m
[0m[0m
[0m[4m/Users/6adeyd77/Nigel-Frontend/mobile/src/components/teacher/create-quiz/QuizQuestionCard.tsx[24m[0m
[0m  [2m3:1[22m   [33mwarning[39m  There should be at least one empty line between import groups                  [2mimport/order[22m[0m
[0m  [2m3:1[22m   [33mwarning[39m  `lucide-react-native` import should occur before import of `react`             [2mimport/order[22m[0m
[0m  [2m5:1[22m   [33mwarning[39m  There should be at least one empty line between import groups                  [2mimport/order[22m[0m
[0m  [2m5:1[22m   [33mwarning[39m  `@/constants/colors` import should occur before import of `@/context`          [2mimport/order[22m[0m
[0m  [2m7:1[22m   [33mwarning[39m  `./QuizAnswerOption` import should occur before type import of `./types/quiz`  [2mimport/order[22m[0m
[0m  [2m9:64[22m  [33mwarning[39m  Unexpected any. Specify a different type                                       [2m@typescript-eslint/no-explicit-any[22m[0m
[0m[0m
[0m[4m/Users/6adeyd77/Nigel-Frontend/mobile/src/components/teacher/create-quiz/QuizTitleInput.tsx[24m[0m
[0m  [2m2:1[22m  [33mwarning[39m  There should be at least one empty line between import groups          [2mimport/order[22m[0m
[0m  [2m4:1[22m  [33mwarning[39m  `@/constants/colors` import should occur before import of `@/context`  [2mimport/order[22m[0m
[0m[0m
[0m[4m/Users/6adeyd77/Nigel-Frontend/mobile/src/components/teacher/create-quiz/hooks/useCreateQuiz.ts[24m[0m
[0m  [2m1:1[22m  [33mwarning[39m  There should be at least one empty line between import groups  [2mimport/order[22m[0m
[0m[0m
[0m[4m/Users/6adeyd77/Nigel-Frontend/mobile/src/components/teacher/create-quiz/types/quiz.ts[24m[0m
[0m  [2m19:9[22m  [33mwarning[39m  Unexpected any. Specify a different type  [2m@typescript-eslint/no-explicit-any[22m[0m
[0m[0m
[0m[4m/Users/6adeyd77/Nigel-Frontend/mobile/src/components/teacher/settings/FamilySharingCard.tsx[24m[0m
[0m  [2m3:1[22m  [33mwarning[39m  `moti` import should occur before import of `react`                 [2mimport/order[22m[0m
[0m  [2m4:1[22m  [33mwarning[39m  `lucide-react-native` import should occur before import of `react`  [2mimport/order[22m[0m
[0m[0m
[0m[4m/Users/6adeyd77/Nigel-Frontend/mobile/src/components/teacher/settings/ProfileCard.tsx[24m[0m
[0m  [2m3:1[22m  [33mwarning[39m  `moti` import should occur before import of `react`  [2mimport/order[22m[0m
[0m[0m
[0m[4m/Users/6adeyd77/Nigel-Frontend/mobile/src/components/teacher/settings/SettingRow.tsx[24m[0m
[0m  [2m3:1[22m  [33mwarning[39m  `lucide-react-native` import should occur before import of `react`  [2mimport/order[22m[0m
[0m[0m
[0m[4m/Users/6adeyd77/Nigel-Frontend/mobile/src/components/teacher/settings/SettingsHeader.tsx[24m[0m
[0m  [2m3:1[22m  [33mwarning[39m  `moti` import should occur before import of `react`                 [2mimport/order[22m[0m
[0m  [2m4:1[22m  [33mwarning[39m  `lucide-react-native` import should occur before import of `react`  [2mimport/order[22m[0m
[0m[0m
[0m[4m/Users/6adeyd77/Nigel-Frontend/mobile/src/components/teacher/settings/SettingsSection.tsx[24m[0m
[0m  [2m3:1[22m  [33mwarning[39m  `moti` import should occur before import of `react`  [2mimport/order[22m[0m
[0m[0m
[0m[4m/Users/6adeyd77/Nigel-Frontend/mobile/src/components/teacher/settings/TeacherSettingsScreen.tsx[24m[0m
[0m   [2m3:1[22m   [33mwarning[39m  `moti` import should occur before import of `react`                                                 [2mimport/order[22m[0m
[0m   [2m4:1[22m   [33mwarning[39m  There should be at least one empty line between import groups                                       [2mimport/order[22m[0m
[0m   [2m5:1[22m   [33mwarning[39m  There should be at least one empty line between import groups                                       [2mimport/order[22m[0m
[0m   [2m6:1[22m   [33mwarning[39m  `lucide-react-native` import should occur before import of `react`                                  [2mimport/order[22m[0m
[0m   [2m9:1[22m   [33mwarning[39m  `../settings/ProfileCard` import should occur before import of `../settings/SettingsHeader`         [2mimport/order[22m[0m
[0m  [2m11:1[22m   [33mwarning[39m  `../settings/SettingRow` import should occur before import of `../settings/SettingsHeader`          [2mimport/order[22m[0m
[0m  [2m12:1[22m   [33mwarning[39m  `../settings/FamilySharingCard` import should occur before import of `../settings/SettingsHeader`   [2mimport/order[22m[0m
[0m  [2m12:10[22m  [33mwarning[39m  'FamilySharingCard' is defined but never used                                                       [2m@typescript-eslint/no-unused-vars[22m[0m
[0m  [2m13:1[22m   [33mwarning[39m  `../settings/hooks/useSettings` import should occur before import of `../settings/SettingsHeader`   [2mimport/order[22m[0m
[0m  [2m14:1[22m   [33mwarning[39m  `../settings/constants/settings` import should occur before import of `../settings/SettingsHeader`  [2mimport/order[22m[0m
[0m  [2m30:5[22m   [33mwarning[39m  'consent' is assigned a value but never used                                                        [2m@typescript-eslint/no-unused-vars[22m[0m
[0m  [2m31:5[22m   [33mwarning[39m  'toggleConsent' is assigned a value but never used                                                  [2m@typescript-eslint/no-unused-vars[22m[0m
[0m[0m
[0m[4m/Users/6adeyd77/Nigel-Frontend/mobile/src/components/teacher/settings/constants/settings.ts[24m[0m
[0m  [2m1:37[22m  [33mwarning[39m  'Sun' is defined but never used           [2m@typescript-eslint/no-unused-vars[22m[0m
[0m  [2m9:9[22m   [33mwarning[39m  Unexpected any. Specify a different type  [2m@typescript-eslint/no-explicit-any[22m[0m
[0m[0m
[0m[4m/Users/6adeyd77/Nigel-Frontend/mobile/src/components/teacher/settings/hooks/useSettings.ts[24m[0m
[0m   [2m2:1[22m   [33mwarning[39m  There should be at least one empty line between import groups                                                [2mimport/order[22m[0m
[0m   [2m2:1[22m   [33mwarning[39m  `expo-router` import should occur before import of `react`                                                   [2mimport/order[22m[0m
[0m  [2m18:34[22m  [33mwarning[39m  Unexpected any. Specify a different type                                                                     [2m@typescript-eslint/no-explicit-any[22m[0m
[0m  [2m19:6[22m   [33mwarning[39m  React Hook useCallback has a missing dependency: 'router'. Either include it or remove the dependency array  [2mreact-hooks/exhaustive-deps[22m[0m
[0m  [2m23:6[22m   [33mwarning[39m  React Hook useCallback has a missing dependency: 'router'. Either include it or remove the dependency array  [2mreact-hooks/exhaustive-deps[22m[0m
[0m[0m
[0m[4m/Users/6adeyd77/Nigel-Frontend/mobile/src/components/teacher/students/SimBadge.tsx[24m[0m
[0m  [2m3:1[22m  [33mwarning[39m  There should be at least one empty line between import groups       [2mimport/order[22m[0m
[0m  [2m3:1[22m  [33mwarning[39m  `lucide-react-native` import should occur before import of `react`  [2mimport/order[22m[0m
[0m[0m
[0m[4m/Users/6adeyd77/Nigel-Frontend/mobile/src/components/teacher/students/StudentCard.tsx[24m[0m
[0m  [2m3:1[22m  [33mwarning[39m  There should be at least one empty line between import groups                 [2mimport/order[22m[0m
[0m  [2m3:1[22m  [33mwarning[39m  `lucide-react-native` import should occur before import of `react`            [2mimport/order[22m[0m
[0m  [2m6:1[22m  [33mwarning[39m  There should be at least one empty line between import groups                 [2mimport/order[22m[0m
[0m  [2m6:1[22m  [33mwarning[39m  `./SimBadge` import should occur before import of `../data/students`          [2mimport/order[22m[0m
[0m  [2m7:1[22m  [33mwarning[39m  `@/context` import should occur before import of `../data/students`           [2mimport/order[22m[0m
[0m  [2m8:1[22m  [33mwarning[39m  `@/constants/colors` import should occur before import of `../data/students`  [2mimport/order[22m[0m
[0m[0m
[0m[4m/Users/6adeyd77/Nigel-Frontend/mobile/src/components/teacher/students/StudentFAB.tsx[24m[0m
[0m  [2m3:1[22m  [33mwarning[39m  `lucide-react-native` import should occur before import of `react`     [2mimport/order[22m[0m
[0m  [2m4:1[22m  [33mwarning[39m  `moti` import should occur before import of `react`                    [2mimport/order[22m[0m
[0m  [2m5:1[22m  [33mwarning[39m  There should be at least one empty line between import groups          [2mimport/order[22m[0m
[0m  [2m7:1[22m  [33mwarning[39m  `@/constants/colors` import should occur before import of `@/context`  [2mimport/order[22m[0m
[0m[0m
[0m[4m/Users/6adeyd77/Nigel-Frontend/mobile/src/components/teacher/students/StudentRosterScreen.tsx[24m[0m
[0m   [2m2:10[22m  [33mwarning[39m  'Platform' is defined but never used                                       [2m@typescript-eslint/no-unused-vars[22m[0m
[0m   [2m3:1[22m   [33mwarning[39m  `moti` import should occur before import of `react`                        [2mimport/order[22m[0m
[0m   [2m4:1[22m   [33mwarning[39m  There should be at least one empty line between import groups              [2mimport/order[22m[0m
[0m   [2m6:1[22m   [33mwarning[39m  There should be at least one empty line between import groups              [2mimport/order[22m[0m
[0m   [2m6:1[22m   [33mwarning[39m  `@/constants/colors` import should occur before import of `@/context`      [2mimport/order[22m[0m
[0m   [2m7:1[22m   [33mwarning[39m  There should be at least one empty line between import groups              [2mimport/order[22m[0m
[0m   [2m7:1[22m   [33mwarning[39m  `lucide-react-native` import should occur before import of `react`         [2mimport/order[22m[0m
[0m  [2m11:1[22m   [33mwarning[39m  `./StatPill` import should occur before import of `./StudentSearch`        [2mimport/order[22m[0m
[0m  [2m12:1[22m   [33mwarning[39m  `./StudentFilters` import should occur before import of `./StudentSearch`  [2mimport/order[22m[0m
[0m  [2m13:1[22m   [33mwarning[39m  `./StudentCard` import should occur before import of `./StudentSearch`     [2mimport/order[22m[0m
[0m  [2m14:1[22m   [33mwarning[39m  `./StudentFAB` import should occur before import of `./StudentSearch`      [2mimport/order[22m[0m
[0m[0m
[0m[4m/Users/6adeyd77/Nigel-Frontend/mobile/src/components/teacher/students/StudentSearch.tsx[24m[0m
[0m  [2m3:1[22m  [33mwarning[39m  There should be at least one empty line between import groups          [2mimport/order[22m[0m
[0m  [2m3:1[22m  [33mwarning[39m  `lucide-react-native` import should occur before import of `react`     [2mimport/order[22m[0m
[0m  [2m5:1[22m  [33mwarning[39m  `@/constants/colors` import should occur before import of `@/context`  [2mimport/order[22m[0m
[0m[0m
[0m[4m/Users/6adeyd77/Nigel-Frontend/mobile/src/components/teacher/students/hooks/useStudentRoster.ts[24m[0m
[0m  [2m1:1[22m  [33mwarning[39m  There should be at least one empty line between import groups  [2mimport/order[22m[0m
[0m[0m
[0m[4m/Users/6adeyd77/Nigel-Frontend/mobile/src/components/ui/ChoiceCard.tsx[24m[0m
[0m  [2m3:1[22m  [33mwarning[39m  There should be at least one empty line between import groups  [2mimport/order[22m[0m
[0m  [2m3:1[22m  [33mwarning[39m  `moti` import should occur before import of `react`            [2mimport/order[22m[0m
[0m[0m
[0m[4m/Users/6adeyd77/Nigel-Frontend/mobile/src/components/ui/GradientButton.tsx[24m[0m
[0m    [2m2:1[22m   [33mwarning[39m  There should be at least one empty line between import groups  [2mimport/order[22m[0m
[0m  [2m113:46[22m  [33mwarning[39m  Unexpected any. Specify a different type                       [2m@typescript-eslint/no-explicit-any[22m[0m
[0m[0m
[0m[4m/Users/6adeyd77/Nigel-Frontend/mobile/src/components/ui/ScreenHeader.tsx[24m[0m
[0m  [2m2:34[22m  [33mwarning[39m  'View' is defined but never used                                    [2m@typescript-eslint/no-unused-vars[22m[0m
[0m  [2m3:1[22m   [33mwarning[39m  `moti` import should occur before import of `react`                 [2mimport/order[22m[0m
[0m  [2m4:1[22m   [33mwarning[39m  There should be at least one empty line between import groups       [2mimport/order[22m[0m
[0m  [2m4:1[22m   [33mwarning[39m  `lucide-react-native` import should occur before import of `react`  [2mimport/order[22m[0m
[0m[0m
[0m[4m/Users/6adeyd77/Nigel-Frontend/mobile/src/components/ui/ScreenWrapper.tsx[24m[0m
[0m  [2m3:1[22m  [33mwarning[39m  `moti` import should occur before import of `react`            [2mimport/order[22m[0m
[0m  [2m4:1[22m  [33mwarning[39m  There should be at least one empty line between import groups  [2mimport/order[22m[0m
[0m[0m
[0m[4m/Users/6adeyd77/Nigel-Frontend/mobile/src/components/ui/SelectionCard.tsx[24m[0m
[0m  [2m3:1[22m  [33mwarning[39m  There should be at least one empty line between import groups  [2mimport/order[22m[0m
[0m  [2m3:1[22m  [33mwarning[39m  `moti` import should occur before import of `react`            [2mimport/order[22m[0m
[0m[0m
[0m[4m/Users/6adeyd77/Nigel-Frontend/mobile/src/components/ui/SpeechBubble.tsx[24m[0m
[0m  [2m2:1[22m  [33mwarning[39m  There should be at least one empty line between import groups  [2mimport/order[22m[0m
[0m[0m
[0m[4m/Users/6adeyd77/Nigel-Frontend/mobile/src/components/ui/StepIndicator.tsx[24m[0m
[0m  [2m3:1[22m  [33mwarning[39m  `moti` import should occur before import of `react`  [2mimport/order[22m[0m
[0m[0m
[0m[4m/Users/6adeyd77/Nigel-Frontend/mobile/src/components/ui/TextButton.tsx[24m[0m
[0m  [2m2:1[22m  [33mwarning[39m  There should be at least one empty line between import groups  [2mimport/order[22m[0m
[0m[0m
[0m[4m/Users/6adeyd77/Nigel-Frontend/mobile/src/components/ui/ThemeToggle.tsx[24m[0m
[0m  [2m3:1[22m  [33mwarning[39m  `moti` import should occur before import of `react`                 [2mimport/order[22m[0m
[0m  [2m4:1[22m  [33mwarning[39m  There should be at least one empty line between import groups       [2mimport/order[22m[0m
[0m  [2m4:1[22m  [33mwarning[39m  `lucide-react-native` import should occur before import of `react`  [2mimport/order[22m[0m
[0m[0m
[0m[4m/Users/6adeyd77/Nigel-Frontend/mobile/src/context/LearningContext.tsx[24m[0m
[0m   [2m1:1[22m   [33mwarning[39m  There should be at least one empty line between import groups  [2mimport/order[22m[0m
[0m   [2m2:26[22m  [33mwarning[39m  'BADGES' is defined but never used                             [2m@typescript-eslint/no-unused-vars[22m[0m
[0m   [2m2:39[22m  [33mwarning[39m  'LearningPath' is defined but never used                       [2m@typescript-eslint/no-unused-vars[22m[0m
[0m  [2m38:67[22m  [33mwarning[39m  Unexpected any. Specify a different type                       [2m@typescript-eslint/no-explicit-any[22m[0m
[0m[0m
[0m[4m/Users/6adeyd77/Nigel-Frontend/mobile/src/context/ThemeContext.tsx[24m[0m
[0m   [2m2:1[22m  [33mwarning[39m  `nativewind` import should occur before import of `react`                                                          [2mimport/order[22m[0m
[0m  [2m30:6[22m  [33mwarning[39m  React Hook useCallback has a missing dependency: 'setTheme'. Either include it or remove the dependency array      [2mreact-hooks/exhaustive-deps[22m[0m
[0m  [2m34:6[22m  [33mwarning[39m  React Hook useEffect has a missing dependency: 'setColorScheme'. Either include it or remove the dependency array  [2mreact-hooks/exhaustive-deps[22m[0m
[0m[0m
[0m[4m/Users/6adeyd77/Nigel-Frontend/mobile/src/hooks/use-animations.ts[24m[0m
[0m   [2m73:6[22m  [33mwarning[39m  React Hook useEffect has missing dependencies: 'duration' and 'waveOffset'. Either include them or remove the dependency array         [2mreact-hooks/exhaustive-deps[22m[0m
[0m  [2m112:6[22m  [33mwarning[39m  React Hook useEffect has missing dependencies: 'delay', 'fadeIn', and 'floatAnim'. Either include them or remove the dependency array  [2mreact-hooks/exhaustive-deps[22m[0m
[0m[0m
[0m[4m/Users/6adeyd77/Nigel-Frontend/mobile/src/hooks/use-staggered-entrance.ts[24m[0m
[0m  [2m105:6[22m  [33mwarning[39m  React Hook useEffect has missing dependencies: 'animations' and 'configs'. Either include them or remove the dependency array  [2mreact-hooks/exhaustive-deps[22m[0m
[0m[0m
[0m[4m/Users/6adeyd77/Nigel-Frontend/mobile/src/svg/brand/AppIcon.tsx[24m[0m
[0m  [2m2:1[22m  [33mwarning[39m  There should be at least one empty line between import groups  [2mimport/order[22m[0m
[0m  [2m9:3[22m  [33mwarning[39m  'Path' is defined but never used                               [2m@typescript-eslint/no-unused-vars[22m[0m
[0m[0m
[0m[4m/Users/6adeyd77/Nigel-Frontend/mobile/src/svg/brand/NigelLogo.tsx[24m[0m
[0m  [2m2:15[22m  [33mwarning[39m  'Rect' is defined but never used  [2m@typescript-eslint/no-unused-vars[22m[0m
[0m[0m
[0m[4m/Users/6adeyd77/Nigel-Frontend/mobile/src/svg/illustrations/IslandIcon.tsx[24m[0m
[0m  [2m2:32[22m  [33mwarning[39m  'Path' is defined but never used                                        [2m@typescript-eslint/no-unused-vars[22m[0m
[0m  [2m3:1[22m   [33mwarning[39m  `react-native` import should occur before import of `react-native-svg`  [2mimport/order[22m[0m
[0m[0m
[0m[4m/Users/6adeyd77/Nigel-Frontend/mobile/src/svg/illustrations/Mascot.tsx[24m[0m
[0m   [2m3:1[22m  [33mwarning[39m  `react-native` import should occur before import of `react-native-svg`  [2mimport/order[22m[0m
[0m   [2m4:1[22m  [33mwarning[39m  There should be at least one empty line between import groups           [2mimport/order[22m[0m
[0m   [2m4:1[22m  [33mwarning[39m  `moti` import should occur before import of `react`                     [2mimport/order[22m[0m
[0m  [2m12:7[22m  [33mwarning[39m  'SCREEN_W' is assigned a value but never used                           [2m@typescript-eslint/no-unused-vars[22m[0m
[0m[0m
[0m[4m/Users/6adeyd77/Nigel-Frontend/mobile/src/svg/illustrations/PiggyIcon.tsx[24m[0m
[0m  [2m2:32[22m  [33mwarning[39m  'Path' is defined but never used                                        [2m@typescript-eslint/no-unused-vars[22m[0m
[0m  [2m3:1[22m   [33mwarning[39m  `react-native` import should occur before import of `react-native-svg`  [2mimport/order[22m[0m
[0m[0m
[0m[4m/Users/6adeyd77/Nigel-Frontend/mobile/src/svg/illustrations/StudentIllustration.tsx[24m[0m
[0m  [2m3:1[22m  [33mwarning[39m  `react-native` import should occur before import of `react-native-svg`  [2mimport/order[22m[0m
[0m[0m
[0m[4m/Users/6adeyd77/Nigel-Frontend/mobile/src/svg/illustrations/TeacherIllustration.tsx[24m[0m
[0m  [2m3:1[22m  [33mwarning[39m  `react-native` import should occur before import of `react-native-svg`  [2mimport/order[22m[0m
[0m[0m
[0m[4m/Users/6adeyd77/Nigel-Frontend/mobile/src/svg/illustrations/TrophyIcon.tsx[24m[0m
[0m  [2m3:1[22m  [33mwarning[39m  `react-native` import should occur before import of `react-native-svg`  [2mimport/order[22m[0m
[0m[0m
[0m[33m[1m✖ 593 problems (0 errors, 593 warnings)[22m[39m[0m
[0m[33m[1m[22m[39m[33m[1m  0 errors and 479 warnings potentially fixable with the `--fix` option.[22m[39m[0m
[0m[33m[1m[22m[39m[0m
[1G[0K⠙[1G[0K
